id,name,model_id:id,group_id:id,perm_read,perm_write,perm_create,perm_unlink
access_my_shift_schedule_user,my_shift_schedule_user,model_my_shift_schedule,base.group_user,1,1,1,1
access_hr_attendance_user,hr_attendance_user,model_hr_attendance,hr_attendance.group_hr_attendance_user,1,1,1,0
access_hr_attendance_manual_user,hr_attendance_manual_user,model_hr_attendance,custom_hr_attendance.group_hr_attendance_manual_user,1,1,1,0
access_preapproval_user,preapproval_user,model_attendance_preapproval,custom_hr_attendance.group_hr_attendance_manual_user,1,1,1,0
access_preapproval_manager_user,preapproval_manager_user,model_attendance_preapproval,hr_attendance.group_hr_attendance_user,1,1,1,1
access_preapproval_job_position,preapproval_job_position,model_attendance_preapproval,custom_hr_attendance.group_hr_attendance_job_position_user,1,1,1,1
access_over_time_it_user,over_time_it_user,model_over_time,custom_hr_attendance.group_hr_attendance_it_driver_user,1,1,1,0
access_over_time_manager,over_time_manager,model_over_time,hr_attendance.group_hr_attendance_manager,1,1,1,1
access_over_time_user,over_time_user,model_over_time,hr_attendance.group_hr_attendance_user,1,1,1,0
access_job_shift_manager,job_shift_manager,model_job_shift,hr_attendance.group_hr_attendance_manager,1,1,1,1
access_job_shift_job_position,job_shift_job_position,model_job_shift,custom_hr_attendance.group_hr_attendance_job_position_user,1,0,0,0
access_job_shift_user,job_shift_user,model_job_shift,hr_attendance.group_hr_attendance_user,1,0,0,0
access_job_shift_basic_user,job_shift_basic_user,model_job_shift,base.group_user,1,0,0,0
access_job_position_manager,job_position_manager,model_job_position_exception,hr_attendance.group_hr_attendance_manager,1,1,1,1
access_job_position_user,job_position_user,model_job_position_exception,hr_attendance.group_hr_attendance_user,1,0,0,0
access_job_position_job_position,job_position_job_position,model_job_position_exception,custom_hr_attendance.group_hr_attendance_job_position_user,1,1,1,1
access_job_position_roster_exception_manager,job_position_roster_exception_manager,model_job_position_roster_exception,hr_attendance.group_hr_attendance_manager,1,1,1,1
access_job_position_roster_exception_officer,job_position_roster_exception_officer,model_job_position_roster_exception,custom_hr_attendance.group_hr_attendance_job_position_user,1,1,1,1
access_job_position_roster_exception_user,job_position_roster_exception_user,model_job_position_roster_exception,base.group_user,1,0,0,0
access_job_position_roster_exception_line_manager,job_position_roster_exception_line_manager,model_job_position_roster_exception_line,hr_attendance.group_hr_attendance_manager,1,1,1,1
access_job_position_roster_exception_line_officer,job_position_roster_exception_line_officer,model_job_position_roster_exception_line,custom_hr_attendance.group_hr_attendance_job_position_user,1,1,1,1
access_job_position_roster_exception_line_user,job_position_roster_exception_line_user,model_job_position_roster_exception_line,base.group_user,1,0,0,0
access_location_based_user,location_based_user,model_location_based_exception,hr_attendance.group_hr_attendance_user,1,1,1,1
access_location_based_manager,location_based_manager,model_location_based_exception,hr_attendance.group_hr_attendance_manager,1,1,1,1
access_location_based_job_position,location_job_position,model_location_based_exception,custom_hr_attendance.group_hr_attendance_job_position_user,1,0,0,0
access_lateness_rule_manager,lateness_rule_manager,model_attendance_lateness_rule,hr_attendance.group_hr_attendance_manager,1,1,1,1
access_lateness_rule_user,lateness_rule_user,model_attendance_lateness_rule,base.group_user,1,0,0,0
access_absence_rule_manager,absence_rule_manager,model_attendance_absence_rule,hr_attendance.group_hr_attendance_manager,1,1,1,1
access_absence_rule_user,absence_rule_user,model_attendance_absence_rule,base.group_user,1,0,0,0
access_hr_attendance_reason_user_basic,attendance_reason_user_basic,model_hr_attendance_reason,hr_attendance.group_hr_attendance_user,1,0,0,0
access_hr_attendance_reason_it_driver,attendance_reason_it_driver,model_hr_attendance_reason,custom_hr_attendance.group_hr_attendance_it_driver_user,1,0,0,0
access_hr_attendance_reason_job_position,attendance_reason_job_position,model_hr_attendance_reason,custom_hr_attendance.group_hr_attendance_job_position_user,1,0,0,0
access_hr_attendance_reason_manager,attendance_reason_manager,model_hr_attendance_reason,hr_attendance.group_hr_attendance_manager,1,1,1,1
access_employee_attendance_details_user,employee_attendance_details_user,model_generate_employee_attendance_details,hr_attendance.group_hr_attendance_user,1,1,1,1
access_employee_attendance_details,employee_attendance_details,model_generate_employee_attendance_details,hr_attendance.group_hr_attendance_manager,1,1,1,1
access_generate_employee_attendance_report_user,employee_attendance_report_user,model_generate_detail_employee_attendance_report,hr_attendance.group_hr_attendance_user,1,1,1,1
access_generate_employee_attendance_report,employee_attendance_report,model_generate_detail_employee_attendance_report,hr_attendance.group_hr_attendance_manager,1,1,1,1
access_overtime_report_user,overtime_report_user,model_overtime_report,hr_attendance.group_hr_attendance_user,1,0,0,0
access_overtime_report,overtime_report,model_overtime_report,hr_attendance.group_hr_attendance_manager,1,1,1,1
access_overtime_report_it_driver,overtime_report_it_driver,model_overtime_report,custom_hr_attendance.group_hr_attendance_it_driver_user,1,0,0,0
access_job_position_exception_report_user,job_position_exception_report_user,model_job_position_exception_report,hr_attendance.group_hr_attendance_user,1,0,0,0
access_job_position_exception_report,job_position_exception_report,model_job_position_exception_report,hr_attendance.group_hr_attendance_manager,1,1,1,1
access_job_position_exception_report_job_position,job_position_exception_report_job_position,model_job_position_exception_report,custom_hr_attendance.group_hr_attendance_job_position_user,1,0,0,0
access_attendance_preapproval_report,attendance_preapproval_report,model_attendance_preapproval_report,hr_attendance.group_hr_attendance_manager,1,1,1,1
access_attendance_preapproval_report_user,attendance_preapproval_report_user,model_attendance_preapproval_report,hr_attendance.group_hr_attendance_user,1,0,0,0
access_acknowledged_attendance_report,acknowledged_attendance_report,model_acknowledged_attendance_report,hr_attendance.group_hr_attendance_manager,1,1,1,1
access_acknowledged_attendance_report_user,acknowledged_attendance_report_user,model_acknowledged_attendance_report,hr_attendance.group_hr_attendance_user,1,0,0,0
access_manager_daily_attendance_wizard_user,manager_daily_attendance_wizard_user,model_manager_daily_attendance_wizard,hr_attendance.group_hr_attendance_user,1,1,1,1
access_manager_daily_attendance_wizard_manager,manager_daily_attendance_wizard_manager,model_manager_daily_attendance_wizard,hr_attendance.group_hr_attendance_manager,1,1,1,1
access_over_time_consumption_user,over_time_consumption_user,model_over_time_consumption,base.group_user,1,1,1,1
access_over_time_consumption_manager,over_time_consumption_manager,model_over_time_consumption,hr_attendance.group_hr_attendance_manager,1,1,1,1
access_attendance_payroll_payload_manager,attendance_payroll_payload_manager,model_attendance_payroll_payload,hr_attendance.group_hr_attendance_manager,1,1,1,1
access_attendance_payroll_payload_officer,attendance_payroll_payload_officer,model_attendance_payroll_payload,hr_attendance.group_hr_attendance_user,1,0,0,0
access_hr_attendance_flag_wizard_manager,hr_attendance_flag_wizard_manager,model_hr_attendance_flag_wizard,hr_attendance.group_hr_attendance_manager,1,1,1,1
access_hr_attendance_flag_wizard_officer,hr_attendance_flag_wizard_officer,model_hr_attendance_flag_wizard,hr_attendance.group_hr_attendance_user,1,1,1,1
access_hr_attendance_notif_log_user,hr_attendance_notif_log_user,model_hr_attendance_notification_log,base.group_user,1,1,1,0
access_hr_attendance_notification_log_manager,hr_attendance_notification_log_manager,model_hr_attendance_notification_log,hr_attendance.group_hr_attendance_manager,1,1,1,1
access_hr_employee_discipline_profile_user,hr_employee_discipline_profile_user,model_hr_employee_discipline_profile,base.group_user,1,1,1,1
access_hr_employee_discipline_profile_manager,hr_employee_discipline_profile_manager,model_hr_employee_discipline_profile,hr_attendance.group_hr_attendance_manager,1,1,1,1
access_hr_attendance_manual_wizard_manager,hr_attendance_manual_wizard_manager,model_hr_attendance_manual_wizard,hr_attendance.group_hr_attendance_manager,1,1,1,1
access_hr_attendance_manual_wizard_officer,hr_attendance_manual_wizard_officer,model_hr_attendance_manual_wizard,hr_attendance.group_hr_attendance_user,1,1,1,1
access_res_config_settings_attendance_manager,res_config_settings_attendance_manager,base.model_res_config_settings,hr_attendance.group_hr_attendance_manager,1,1,1,1
access_ir_actions_act_window_user_read,ir_actions_act_window_user_read,base.model_ir_actions_act_window,base.group_user,1,0,0,0
access_ir_actions_actions_user_read,ir_actions_actions_user_read,base.model_ir_actions_actions,base.group_user,1,0,0,0
access_hr_employee_attendance_base_user,hr_employee_attendance_base_user,hr.model_hr_employee,base.group_user,1,0,0,0
access_hr_employee_attendance_officer,hr_employee_attendance_officer,hr.model_hr_employee,hr_attendance.group_hr_attendance_user,1,0,0,0
access_hr_attendance_batch_request_manager,hr_attendance_batch_request_manager,model_hr_attendance_batch_request,hr_attendance.group_hr_attendance_manager,1,1,1,1
access_hr_attendance_batch_request_user,hr_attendance_batch_request_user,model_hr_attendance_batch_request,hr_attendance.group_hr_attendance_user,1,1,1,1


