"id","grade_code","grade_name","parent_grade","category","salary_structure","base_salary","salary_factor","start_date","end_date","status","increment_date","increment_status","create_uid","create_date","write_uid","write_date"
112,,XIII  ,,,,,,,,,,,18747,2026-03-13 08:10:54.092,18747,2026-03-13 08:10:54.092
39,II,II,,Non Clerical,165,6689.0,1.195,,,true,,,2,2023-06-01 16:31:53.038,2,2023-06-01 16:31:53.038
40,III,III,,Non Clerical,171,8026.0,1.19,,,true,,,2,2023-06-01 16:31:53.038,2,2023-06-01 16:31:53.038
41,IV,IV,,Non Clerical,172,9551.0,1.185,,,true,,,2,2023-06-01 16:31:53.038,2,2023-06-01 16:31:53.038
47,X,X,,Clerical,176,22659.0,1.155,,,true,,,2,2023-06-01 16:31:53.038,2,2023-06-01 16:31:53.038
52,XV,XV,,Managerial,169,62725.0,1.13,,,true,,,2,2023-06-01 16:31:53.038,2,2023-06-01 16:31:53.038
55,XVIII,XVIII,,Managerial,181,327167.0,1.115,,,true,,,2,2023-06-01 16:31:53.038,2,2023-06-01 16:31:53.038
48,XI,XI,,Clerical,168,30137.0,1.15,,,true,,,2,2023-06-01 16:31:53.038,2,2023-09-03 17:59:41.689
53,XVI,XVI,,Managerial,170,87897.0,1.125,,,true,,,2,2023-06-01 16:31:53.038,17119,2024-07-19 08:47:34.342
43,V,V,,Non Clerical,166,11270.0,1.180,,,true,,,2,2023-06-01 16:31:53.038,17135,2024-08-16 12:37:55.313
46,VIII,VIII,,Clerical,216,17590.0,1.165,,,true,,,2,2023-06-01 16:31:53.038,17135,2024-09-21 06:45:56.409
44,VI,VI,,Clerical,173,13186.0,1.175,,,true,,,2,2023-06-01 16:31:53.038,18215,2025-03-19 07:14:58.478
45,VII,VII,,Clerical,174,15296.0,1.170,,,true,,,2,2023-06-01 16:31:53.038,18215,2025-05-14 08:30:15.194
50,XIV,XIV,,Managerial,179,50521.0,1.135,2022-11-19,,true,,,2,2023-06-01 16:31:53.038,2,2023-09-03 18:00:33.700
54,XVII,XVII,,Managerial,180,143593.0,1.12,,,true,,,2,2023-06-01 16:31:53.038,17471,2025-06-17 08:33:57.706
49,XII,XII,,"",177,36985.0,1.145,,,true,,,2,2023-06-01 16:31:53.038,2,2023-06-01 16:31:53.038
105,XIII,XIII,,"",178,43420.0,1.14,,,true,,,18865,2023-07-25 13:12:10.038,18747,2026-03-13 08:21:55.500
42,IX,IX,,Clerical,175,20053.0,1.16,,,true,,,2,2023-06-01 16:31:53.038,18215,2026-03-25 10:59:31.028
110,,"1",,,,,,,,,,,2,2024-04-12 12:35:53.268,2,2024-04-12 12:35:53.268
113,XIII IT,XIII IT,,"",219,43420.0,1.140,,,true,,,18747,2026-03-13 08:30:33.303,18375,2026-06-13 05:41:59.338
38,I,I,,Non Clerical,164,5351.0,1.2,,,true,,,2,2023-06-01 16:31:53.038,20269,2026-07-30 11:32:26.197
111,,vi,,,,,,,,,,,17138,2025-05-21 05:29:44.598,17138,2025-05-21 05:29:44.598
