"id","name","complete_name","active","company_id","parent_id","manager_id","note","color","message_main_attachment_id","create_uid","create_date","write_uid","write_date","department_region","code","operating_unit"
1,Administration,Administration,true,1,,,,,,1,2023-04-14 03:38:21.420,1,2023-04-14 03:38:21.420,,,
633, Property Management Directorate, Property Management Directorate,true,1,,,,,,2,2023-04-14 18:59:15.818,2,2023-04-14 18:59:15.818,,,
635,Administration,Administration,true,1,,,,,,2,2023-04-14 18:59:15.818,2,2023-04-14 18:59:15.818,,,
637,Business Credit Relationship Management Division,Business Credit Relationship Management Division,true,1,,,,,,2,2023-04-14 18:59:15.818,2,2023-04-14 18:59:15.818,,,
638,Bussiness Customers Relationship Directorate,Bussiness Customers Relationship Directorate,true,1,,,,,,2,2023-04-14 18:59:15.818,2,2023-04-14 18:59:15.818,,,
639,Card Online Banking Division,Card Online Banking Division,true,1,,,,,,2,2023-04-14 18:59:15.818,2,2023-04-14 18:59:15.818,,,
640,Chief Banking Service Office,Chief Banking Service Office,true,1,,,,,,2,2023-04-14 18:59:15.818,2,2023-04-14 18:59:15.818,,,
641,Chief Business Office,Chief Business Office,true,1,,,,,,2,2023-04-14 18:59:15.818,2,2023-04-14 18:59:15.818,,,
642,Chief Corporate Service Office,Chief Corporate Service Office,true,1,,,,,,2,2023-04-14 18:59:15.818,2,2023-04-14 18:59:15.818,,,
643,Chief Executive Office,Chief Executive Office,true,1,,,,,,2,2023-04-14 18:59:15.818,2,2023-04-14 18:59:15.818,,,
644,Chief Information Office,Chief Information Office,true,1,,,,,,2,2023-04-14 18:59:15.818,2,2023-04-14 18:59:15.818,,,
645,Chief Strategy Office,Chief Strategy Office,true,1,,,,,,2,2023-04-14 18:59:15.818,2,2023-04-14 18:59:15.818,,,
646,Communication and Promotion Division,Communication and Promotion Division,true,1,,,,,,2,2023-04-14 18:59:15.818,2,2023-04-14 18:59:15.818,,,
647,Company Secretary,Company Secretary,true,1,,,,,,2,2023-04-14 18:59:15.818,2,2023-04-14 18:59:15.818,,,
648,Compensation and Benefits Administration Division,Compensation and Benefits Administration Division,true,1,,,,,,2,2023-04-14 18:59:15.818,2,2023-04-14 18:59:15.818,,,
649,Compliance Management Division,Compliance Management Division,true,1,,,,,,2,2023-04-14 18:59:15.818,2,2023-04-14 18:59:15.818,,,
650,Construction Project Manager,Construction Project Manager,true,1,,,,,,2,2023-04-14 18:59:15.818,2,2023-04-14 18:59:15.818,,,
651,Consumer and Mortgage Loan Relationship Management Division,Consumer and Mortgage Loan Relationship Management Division,true,1,,,,,,2,2023-04-14 18:59:15.818,2,2023-04-14 18:59:15.818,,,
652,Contact Center,Contact Center,true,1,,,,,,2,2023-04-14 18:59:15.818,2,2023-04-14 18:59:15.818,,,
653,Contract Administration Division,Contract Administration Division,true,1,,,,,,2,2023-04-14 18:59:15.818,2,2023-04-14 18:59:15.818,,,
654,Core and Auxiliary Systems Division,Core and Auxiliary Systems Division,true,1,,,,,,2,2023-04-14 18:59:15.818,2,2023-04-14 18:59:15.818,,,
656,Credit Portfolio Managment Division,Credit Portfolio Managment Division,true,1,,,,,,2,2023-04-14 18:59:15.818,2,2023-04-14 18:59:15.818,,,
657,Credit Relationship Management Directorate,Credit Relationship Management Directorate,true,1,,,,,,2,2023-04-14 18:59:15.818,2,2023-04-14 18:59:15.818,,,
658,Credit Risk Management Division,Credit Risk Management Division,true,1,,,,,,2,2023-04-14 18:59:15.818,2,2023-04-14 18:59:15.818,,,
659,Credit Underwriting Directorate,Credit Underwriting Directorate,true,1,,,,,,2,2023-04-14 18:59:15.818,2,2023-04-14 18:59:15.818,,,
660,Credit Underwriting Division,Credit Underwriting Division,true,1,,,,,,2,2023-04-14 18:59:15.818,2,2023-04-14 18:59:15.818,,,
661,Data Center and Core Systems Management Division,Data Center and Core Systems Management Division,true,1,,,,,,2,2023-04-14 18:59:15.818,2,2023-04-14 18:59:15.818,,,
662,Database Management Divison ,Database Management Divison ,true,1,,,,,,2,2023-04-14 18:59:15.818,2,2023-04-14 18:59:15.818,,,
664,Debt Recovery Division,Debt Recovery Division,true,1,,,,,,2,2023-04-14 18:59:15.818,2,2023-04-14 18:59:15.818,,,
665,"Development, Customization and MIS Division","Development, Customization and MIS Division",true,1,,,,,,2,2023-04-14 18:59:15.818,2,2023-04-14 18:59:15.818,,,
666,Digital Banking Directorate,Digital Banking Directorate,true,1,,,,,,2,2023-04-14 18:59:15.818,2,2023-04-14 18:59:15.818,,,
667,Digital Banking Operation Division,Digital Banking Operation Division,true,1,,,,,,2,2023-04-14 18:59:15.818,2,2023-04-14 18:59:15.818,,,
668,Digital Channel Applications Division,Digital Channel Applications Division,true,1,,,,,,2,2023-04-14 18:59:15.818,2,2023-04-14 18:59:15.818,,,
669,Districts Support Division,Districts Support Division,true,1,,,,,,2,2023-04-14 18:59:15.818,2,2023-04-14 18:59:15.818,,,
671,EA and System Development Directorate,EA and System Development Directorate,true,1,,,,,,2,2023-04-14 18:59:15.818,2,2023-04-14 18:59:15.818,,,
673,Engineering and Property Valuation Division,Engineering and Property Valuation Division,true,1,,,,,,2,2023-04-14 18:59:15.818,2,2023-04-14 18:59:15.818,,,
674,Enterprise Architect and Quality Assurance Division ,Enterprise Architect and Quality Assurance Division ,true,1,,,,,,2,2023-04-14 18:59:15.818,2,2023-04-14 18:59:15.818,,,
675,Enterprise Systems Management Directorate,Enterprise Systems Management Directorate,true,1,,,,,,2,2023-04-14 18:59:15.818,2,2023-04-14 18:59:15.818,,,
676,Executive Assistant to the CEO,Executive Assistant to the CEO,true,1,,,,,,2,2023-04-14 18:59:15.818,2,2023-04-14 18:59:15.818,,,
677,Finance Directorate,Finance Directorate,true,1,,,,,,2,2023-04-14 18:59:15.818,2,2023-04-14 18:59:15.818,,,
678,Financial Accounting  and  Reporting Division,Financial Accounting  and  Reporting Division,true,1,,,,,,2,2023-04-14 18:59:15.818,2,2023-04-14 18:59:15.818,,,
679,Financial and Operational Risk Management Division,Financial and Operational Risk Management Division,true,1,,,,,,2,2023-04-14 18:59:15.818,2,2023-04-14 18:59:15.818,,,
680,Foreign Exchange Fund Management Division,Foreign Exchange Fund Management Division,true,1,,,,,,2,2023-04-14 18:59:15.818,2,2023-04-14 18:59:15.818,,,
683,IFB Products Division,IFB Products Division,true,1,,,,,,2,2023-04-14 18:59:15.818,2,2023-04-14 18:59:15.818,,,
684,IT Application Security and Identity Management Division ,IT Application Security and Identity Management Division ,true,1,,,,,,2,2023-04-14 18:59:15.818,2,2023-04-14 18:59:15.818,,,
686,IT Infrastructure Security Division ,IT Infrastructure Security Division ,true,1,,,,,,2,2023-04-14 18:59:15.818,2,2023-04-14 18:59:15.818,,,
687,IT Security Management Directorate,IT Security Management Directorate,true,1,,,,,,2,2023-04-14 18:59:15.818,2,2023-04-14 18:59:15.818,,,
688,IT and System Audit Division,IT and System Audit Division,true,1,,,,,,2,2023-04-14 18:59:15.818,2,2023-04-14 18:59:15.818,,,
689,IT-Service Desk Division,IT-Service Desk Division,true,1,,,,,,2,2023-04-14 18:59:15.818,2,2023-04-14 18:59:15.818,,,
690,Inspection Division ,Inspection Division ,true,1,,,,,,2,2023-04-14 18:59:15.818,2,2023-04-14 18:59:15.818,,,
670,Districts Support Division (IFB),Districts Support Division (IFB),true,1,,,,5,,2,2023-04-14 18:59:15.818,17259,2023-11-09 11:42:47.945,,,
820,Head Office,Head Office,true,1,,,,,,17141,2024-08-01 06:06:32.022,17141,2024-08-01 06:06:32.022,,,
655,Head Office,Head Office,true,1,,,,,,2,2023-04-14 18:59:15.818,17134,2024-11-27 11:06:02.649,,,
634,Adama District Office,Adama District Office,true,1,,,,,,2,2023-04-14 18:59:15.818,17138,2025-09-25 11:15:10.889,,,
663,Debre Berhan District Office,Debre Berhan District Office,true,1,,,,,,2,2023-04-14 18:59:15.818,17138,2025-09-25 11:17:47.716,,,
691,Interest Free Banking Directorate,Interest Free Banking Directorate,true,1,,,,,,2,2023-04-14 18:59:15.818,2,2023-04-14 18:59:15.818,,,
692,Internal Audit Directorate,Internal Audit Directorate,true,1,,,,,,2,2023-04-14 18:59:15.818,2,2023-04-14 18:59:15.818,,,
693,International Banking Directorate,International Banking Directorate,true,1,,,,,,2,2023-04-14 18:59:15.818,2,2023-04-14 18:59:15.818,,,
694,International Remittance Operations Division,International Remittance Operations Division,true,1,,,,,,2,2023-04-14 18:59:15.818,2,2023-04-14 18:59:15.818,,,
695,KYC  Division,KYC  Division,true,1,,,,,,2,2023-04-14 18:59:15.818,2,2023-04-14 18:59:15.818,,,
696,Knowledge Management & Development Division ,Knowledge Management & Development Division ,true,1,,,,,,2,2023-04-14 18:59:15.818,2,2023-04-14 18:59:15.818,,,
697,Legal Advisory Division,Legal Advisory Division,true,1,,,,,,2,2023-04-14 18:59:15.818,2,2023-04-14 18:59:15.818,,,
698,Legal Services Directorate,Legal Services Directorate,true,1,,,,,,2,2023-04-14 18:59:15.818,2,2023-04-14 18:59:15.818,,,
699,Loan Workout Division,Loan Workout Division,true,1,,,,,,2,2023-04-14 18:59:15.818,2,2023-04-14 18:59:15.818,,,
700,Logistics Management Division,Logistics Management Division,true,1,,,,,,2,2023-04-14 18:59:15.818,2,2023-04-14 18:59:15.818,,,
701,MSME Lending Division,MSME Lending Division,true,1,,,,,,2,2023-04-14 18:59:15.818,2,2023-04-14 18:59:15.818,,,
702,Management,Management,true,1,,,,,,2,2023-04-14 18:59:15.818,2,2023-04-14 18:59:15.818,,,
703,Marketing Channel and Strategic Partnership Management Division,Marketing Channel and Strategic Partnership Management Division,true,1,,,,,,2,2023-04-14 18:59:15.818,2,2023-04-14 18:59:15.818,,,
704,Marketing Research and Product Development Division,Marketing Research and Product Development Division,true,1,,,,,,2,2023-04-14 18:59:15.818,2,2023-04-14 18:59:15.818,,,
705,Marketing and Communications Directorate,Marketing and Communications Directorate,true,1,,,,,,2,2023-04-14 18:59:15.818,2,2023-04-14 18:59:15.818,,,
706,Mobile Money Division,Mobile Money Division,true,1,,,,,,2,2023-04-14 18:59:15.818,2,2023-04-14 18:59:15.818,,,
707,Network Management Division,Network Management Division,true,1,,,,,,2,2023-04-14 18:59:15.818,2,2023-04-14 18:59:15.818,,,
708,Operation and Support Division,Operation and Support Division,true,1,,,,,,2,2023-04-14 18:59:15.818,2,2023-04-14 18:59:15.818,,,
709,"Payment, Clearing and Reconciliation Division","Payment, Clearing and Reconciliation Division",true,1,,,,,,2,2023-04-14 18:59:15.818,2,2023-04-14 18:59:15.818,,,
710,Planning and Change Management Directorate,Planning and Change Management Directorate,true,1,,,,,,2,2023-04-14 18:59:15.818,2,2023-04-14 18:59:15.818,,,
711,"Planning, Monitoring and Evaluation Division","Planning, Monitoring and Evaluation Division",true,1,,,,,,2,2023-04-14 18:59:15.818,2,2023-04-14 18:59:15.818,,,
712,Procurement Directorate,Procurement Directorate,true,1,,,,,,2,2023-04-14 18:59:15.818,2,2023-04-14 18:59:15.818,,,
713,Procurement Management Division,Procurement Management Division,true,1,,,,,,2,2023-04-14 18:59:15.818,2,2023-04-14 18:59:15.818,,,
714,Professional Services,Professional Services,true,1,,,,,,2,2023-04-14 18:59:15.818,2,2023-04-14 18:59:15.818,,,
715,Project & Change Management Division,Project & Change Management Division,true,1,,,,,,2,2023-04-14 18:59:15.818,2,2023-04-14 18:59:15.818,,,
716,Project Management & Innovation Directorate,Project Management & Innovation Directorate,true,1,,,,,,2,2023-04-14 18:59:15.818,2,2023-04-14 18:59:15.818,,,
717,Projects and Vendor Management Division,Projects and Vendor Management Division,true,1,,,,,,2,2023-04-14 18:59:15.818,2,2023-04-14 18:59:15.818,,,
718,Quality Assurance  Division,Quality Assurance  Division,true,1,,,,,,2,2023-04-14 18:59:15.818,2,2023-04-14 18:59:15.818,,,
719,Quality Assurance and Anti Corruption Division,Quality Assurance and Anti Corruption Division,true,1,,,,,,2,2023-04-14 18:59:15.818,2,2023-04-14 18:59:15.818,,,
720,Rectification Follow-up and Audit Analysis Division,Rectification Follow-up and Audit Analysis Division,true,1,,,,,,2,2023-04-14 18:59:15.818,2,2023-04-14 18:59:15.818,,,
722,Retail Banking Directorate,Retail Banking Directorate,true,1,,,,,,2,2023-04-14 18:59:15.818,2,2023-04-14 18:59:15.818,,,
723,Risk Management Compliance Directorate,Risk Management Compliance Directorate,true,1,,,,,,2,2023-04-14 18:59:15.818,2,2023-04-14 18:59:15.818,,,
725,Sales Deposit Mobilization Division,Sales Deposit Mobilization Division,true,1,,,,,,2,2023-04-14 18:59:15.818,2,2023-04-14 18:59:15.818,,,
726,Share Management  Division,Share Management  Division,true,1,,,,,,2,2023-04-14 18:59:15.818,2,2023-04-14 18:59:15.818,,,
727,South Addis Ababa District Office,South Addis Ababa District Office,true,1,,,,,,2,2023-04-14 18:59:15.818,2,2023-04-14 18:59:15.818,,,
728,Succession & Performance Management Division ,Succession & Performance Management Division ,true,1,,,,,,2,2023-04-14 18:59:15.818,2,2023-04-14 18:59:15.818,,,
729,Talent Acquisition & On-boarding Division ,Talent Acquisition & On-boarding Division ,true,1,,,,,,2,2023-04-14 18:59:15.818,2,2023-04-14 18:59:15.818,,,
730,Talent Development Directorate,Talent Development Directorate,true,1,,,,,,2,2023-04-14 18:59:15.818,2,2023-04-14 18:59:15.818,,,
731,Talent Management Directorate,Talent Management Directorate,true,1,,,,,,2,2023-04-14 18:59:15.818,2,2023-04-14 18:59:15.818,,,
732,Trade Service and Correspondent Banking Division,Trade Service and Correspondent Banking Division,true,1,,,,,,2,2023-04-14 18:59:15.818,2,2023-04-14 18:59:15.818,,,
733,Treasury and Investment Management Division,Treasury and Investment Management Division,true,1,,,,,,2,2023-04-14 18:59:15.818,2,2023-04-14 18:59:15.818,,,
734,Warehouse Management Division,Warehouse Management Division,true,1,,,,,,2,2023-04-14 18:59:15.818,2,2023-04-14 18:59:15.818,,,
770,Mekelle District Office,Mekelle District Office,true,1,,,,,,2,2023-06-01 16:55:43.483,2,2023-06-01 16:55:43.483,,,
773,Dessie District  Office,Dessie District  Office,true,1,,,,,,2,2023-06-01 16:55:43.483,2,2023-06-01 16:55:43.483,,,
784,Main Branch,Main Branch,true,1,,,,,,2,2023-06-01 16:55:43.483,2,2023-06-01 16:55:43.483,,,
779,Bahir Dar District Office,Bahir Dar District Office,true,1,,,,,,2,2023-06-01 16:55:43.483,17138,2026-02-06 13:26:05.390,,,
794,Debre Markos District Office,Debre Markos District Office,true,1,,,,,,2,2023-06-01 16:55:43.483,17138,2026-02-07 05:50:07.312,,,
821,Customer Service Officer II,Customer Service Officer II,true,1,,,,,,17141,2024-11-06 13:45:43.868,17141,2024-11-06 13:45:43.868,,,
685,IT Infrastructure Management Directorate,Chief Information Office / IT Infrastructure Management Directorate,true,1,644,,,,,2,2023-04-14 18:59:15.818,20702,2023-06-22 10:38:53.767,,,
780,West Addis Ababa District Office,West Addis Ababa District Office,true,1,,,,,,2,2023-06-01 16:55:43.483,17134,2024-10-16 11:39:57.891,Addis Ababa,,
812,Branch Banking and Quality Assurance Directorate,Branch Banking and Quality Assurance Directorate,true,1,,,,,,17129,2023-09-25 13:29:27.306,17129,2023-09-25 13:29:27.306,,,
811,Hawassa Area Office,Hawassa District Office / Hawassa Area Office,true,1,681,3980,,,,21102,2023-08-23 08:52:24.133,17138,2025-09-25 11:13:21.713,Oromia,"958",6208
783,Jimma District Office,Jimma District Office,true,1,,4274,,,,2,2023-06-01 16:55:43.483,17138,2025-09-25 11:16:11.044,Oromia,,
682,Bahir dar District Office,Bahir dar District Office,true,1,,3654,,,,2,2023-04-14 18:59:15.818,21028,2024-09-20 11:41:02.106,Addis Ababa,,6610
822,Wolayta Sodo,Wolayta Sodo,true,1,,,,,,17141,2024-12-18 07:04:23.668,17141,2024-12-18 07:04:23.668,,,
814,East Addis Ababa District Office,East Addis Ababa District Office,true,1,,,,,,17125,2023-10-12 06:01:30.486,17119,2023-10-12 06:17:29.968,,,
823,Hawassa Areb Sefer Branch,Hawassa Areb Sefer Branch,true,1,,,,,,33624,2025-07-09 06:04:15.258,33624,2025-07-09 06:04:15.258,,,
681,Hawassa District Office,Hawassa District Office,true,1,,,,,,2,2023-04-14 18:59:15.818,17138,2025-09-25 11:13:21.713,,,
815,Enterprise Architecture and System Development Management Directorate ,Enterprise Architecture and System Development Management Directorate ,true,1,,,,,,17129,2023-11-30 10:22:24.560,17129,2023-11-30 10:22:24.560,,,
816,hawa,hawa,true,1,,,,,,17125,2023-12-06 10:46:44.473,17125,2023-12-06 10:46:44.473,,,
817,Debre m,Debre m,true,1,,,,,,17465,2023-12-22 11:34:50.003,17465,2023-12-22 11:34:50.003,,,
818,Sales,Sales,true,1,,,,,,1,2024-01-01 08:12:54.298,1,2024-01-01 08:12:54.298,,,
824,sa di,sa di,true,1,,,,,,17138,2025-12-29 10:51:47.210,17138,2025-12-29 10:51:47.210,,,
825,south,south,true,1,,,,,,17138,2026-03-09 07:35:55.496,17138,2026-03-09 07:35:55.496,,,
826,Dessie District Office,Dessie District Office,true,1,,,,,,17124,2026-03-16 05:37:00.605,17124,2026-03-16 05:37:00.605,,,
827,head,head,true,1,,,,,,17138,2026-03-24 12:38:09.095,17138,2026-03-24 12:38:09.095,,,
828,wit gi,wit gi,true,1,,,,,,18569,2026-07-06 08:57:53.865,18569,2026-07-06 08:57:53.865,,,
