"id","name","code","active","company_id","partner_id","create_uid","create_date","write_uid","write_date","sol_id","district","branch_grade","region","work_unit_type","parent_unit","hardship_allowance","old_code"
12027,Credit Administration Division,"455",true,1,29784,17138,2026-06-29 05:33:23.302,17138,2026-06-29 05:33:23.302,"100",Addis Ababa,,Addis Ababa,head_office,6148,0.0,
6133,Sheko Branch,"0",true,1,1,2,2023-06-01 17:51:03.978,2,2023-12-23 11:58:18.945,"100",Outlying,,SWERS,branch,,0.1,
12035,Deputy Chief-Digital Office,"485",true,1,29784,17138,2026-08-10 05:22:00.979,17138,2026-08-10 05:22:00.979,"100",Addis Ababa,,Addis Ababa,head_office,6135,0.0,
11570,Planning and Change Management Directorate OLD,"140",false,1,30754,20106,2024-05-17 15:06:27.747,17135,2024-12-20 07:12:21.278,"100",,,,head_office,,0.0,
11961,Chief People and Culture Office,"400",true,1,29784,17141,2025-09-19 12:54:35.887,17141,2025-09-19 13:11:50.459,"100",,,Addis Ababa,head_office,,0.0,
6609,West Addis Ababa District Office,"953",true,1,1,2,2023-06-01 17:51:03.978,17141,2025-09-19 13:46:09.679,"953",Addis Ababa,,Addis Ababa,district_office,,0.0,"289"
6610,Bahir Dar District Office,"954",true,1,1,2,2023-06-01 17:51:03.978,17141,2025-09-19 13:46:25.870,"954",Outlying,,Amhara,district_office,,0.1,"954"
6611,Dessie District Office,"956",true,1,1,2,2023-06-01 17:51:03.978,17141,2025-09-19 13:46:42.435,"956",Outlying,,Amhara,district_office,,0.1,"955"
6607,Mekelle District Office,"951",true,1,1,2,2023-06-01 17:51:03.978,17141,2025-09-19 13:46:57.785,"951",Outlying,,Tigray,district_office,,0.1,"147"
11956,Digital Financial Services Division,"991",true,1,1,17141,2025-07-22 07:09:11.201,17141,2025-07-22 07:13:27.968,"991",Addis Ababa,,Addis Ababa,head_office,6119,0.0,
11971,"Ethics,Business Conduct and Sustainability Directorate","445",true,1,29784,17141,2025-09-23 06:56:42.491,17141,2025-09-23 07:00:14.165,"100",Addis Ababa,,Addis Ababa,head_office,6134,0.0,
11582,(413)Mekane selam,"413",false,1,29633,19058,2024-05-21 04:54:06.692,17135,2024-10-19 06:55:50.808,"413",dessie,Grade I,Amhara,branch,6611,0.0,
11973,Financial Technology Partnership Directorate,"435",true,1,29784,17138,2025-10-28 11:47:53.533,17138,2026-04-28 07:55:46.823,"100",Addis Ababa,,Addis Ababa,head_office,11966,0.0,
6452,Ayer Amba Branch,"393",true,1,1,2,2023-06-01 17:51:03.978,17141,2024-12-16 13:00:40.898,"393",Addis Ababa,South Addis Ababa District,Addis Ababa,branch,6107,0.0,"390"
6305,Edaga Hamus Branch,"243",true,1,1,2,2023-06-01 17:51:03.978,17119,2024-02-08 07:19:12.478,"243",Outlying,Mekele District,Tigray,branch,6607,0.15,"161"
6286,Dire Dawa Sabian Branch,"225",true,1,1,2,2023-06-01 17:51:03.978,17119,2024-02-08 07:12:32.846,"225",Outlying,Adama Area Office,Dire Dawa,branch,6614,0.2,"142"
6532,Mekanisa Kore Branch,"472",true,1,1,2,2023-06-01 17:51:03.978,2,2023-07-23 16:20:42.620,"472",Addis Ababa,South Addis Ababa District,Addis Ababa,branch,6107,0.0,"498"
6204,Adama Dembella Branch,"143",true,1,1,2,2023-06-01 17:51:03.978,2,2023-08-13 08:20:22.768,"143",Outlying,Adama Area Office,Oromia,branch,6614,0.1,"198"
6529,Akaki Alem Bank Branch,"469",true,1,1,2,2023-06-01 17:51:03.978,2,2023-07-23 16:20:42.620,"469",Addis Ababa,South Addis Ababa District,Addis Ababa,branch,6107,0.0,"496"
11439,Debre Berhan Area Office,"960",false,1,1,2,2023-06-30 06:40:05.594,17135,2024-10-19 06:45:14.399,"960",,,,area_office,6149,0.1,
6349,Mekanisa Branch,"289",true,1,1,2,2023-06-01 17:51:03.978,2,2023-07-23 16:20:42.620,"289",Addis Ababa,South Addis Ababa District,Addis Ababa,branch,6107,0.0,"302"
6129,Construction Project Division,"010",true,1,1,2,2023-06-01 17:51:03.978,17135,2024-10-19 06:44:09.882,"100",Addis Ababa,,Addis Abba,head_office,6134,0.0,
6400,Modjo Branch,"340",true,1,1,2,2023-06-01 17:51:03.978,2,2023-08-13 08:17:21.673,"340",Outlying,Adama Area Office,Oromia,branch,6614,0.1,"518"
6578,Adama Gende Gara Branch,"520",true,1,1,2,2023-06-01 17:51:03.978,2,2023-08-13 08:17:40.317,"520",Outlying,Adama Area Office,Oromia,branch,6614,0.1,"538"
6146,Muketuri Branch,"557",true,1,1,2,2023-06-01 17:51:03.978,17141,2025-02-14 06:02:02.663,"557",Outlying,West Addis Ababa District,Oromia ,branch,6609,0.1,"557"
6273,Gode Branch,"212",true,1,1,2,2023-06-01 17:51:03.978,17119,2024-02-08 07:12:59.800,"212",Outlying,Adama Area Office,Somale,branch,6614,0.4,"129"
11575,Mehal Genet Branch,"460",true,1,29784,17135,2024-05-20 06:42:54.742,17135,2024-05-20 06:42:54.742,"460",Bahir Dar District office,I,Amhara,branch,6610,0.1,"460"
11962,Chief Banking Transformation Office,"410",true,1,29784,17141,2025-09-19 12:56:36.146,17141,2025-09-23 06:51:20.561,"100",,,Addis Ababa,head_office,,0.0,
11972,Executive Support Directorate,"450",true,1,29784,17141,2025-09-23 06:58:14.092,17141,2025-09-23 06:58:14.092,"100",Addis Ababa,,Addis Ababa,head_office,11962,0.0,
11704,"01-08/2024",,false,1,2720,17383,2024-07-31 10:15:48.901,17383,2024-07-31 10:15:48.901,"190",mekelle,I,Tigray,branch,6251,0.0,
6101,Legal Services Senior Directorate,"080",true,1,1,2,2023-06-01 17:51:03.978,17138,2026-04-28 08:04:47.480,"100",Addis Ababa,,Addis Ababa,head_office,6134,0.0,"012"
6119,Digital Financial Service  Directorate,"350",true,1,1,2,2023-06-01 17:51:03.978,17138,2026-05-22 12:05:54.347,"100",Addis Ababa,,Addis Ababa,head_office,11966,0.0,"360"
12028,Security Division,"460",true,1,29784,17138,2026-06-29 05:39:15.925,17138,2026-06-29 05:39:15.925,"100",Addis Ababa,,Addis Ababa,head_office,6117,0.0,
12036,IT and Digital Service Management Directorate,"490",true,1,29784,17138,2026-08-10 05:24:26.590,17138,2026-08-10 05:24:26.590,"100",Addis Ababa,,Addis Ababa,head_office,6135,0.0,
6265,Nefas Silk Branch,"204",true,1,1,2,2023-06-01 17:51:03.978,2,2023-07-23 16:20:42.620,"204",Addis Ababa,South Addis Ababa District,Addis Ababa,branch,6107,0.0,"121"
6434,Mertolemariam Branch,"375",true,1,1,2,2023-06-01 17:51:03.978,2,2023-07-23 16:20:42.620,"375",Outlying,Debre Markos Area Office,Amhara,branch,6120,0.1,"399"
6466,Shindi Branch,"407",true,1,1,2,2023-06-01 17:51:03.978,2,2023-07-23 16:20:42.620,"407",Outlying,Debre Markos Area Office,Amhara,branch,6120,0.1,"433"
6495,Nigus Teklehimanot Branch,"436",true,1,1,2,2023-06-01 17:51:03.978,2,2023-07-23 16:20:42.620,"436",Outlying,Debre Markos Area Office,Amhara,branch,6120,0.1,"459"
6282,Motta Branch,"221",true,1,1,2,2023-06-01 17:51:03.978,2,2023-07-23 16:20:42.620,"221",Outlying,Debre Markos Area Office,Amhara,branch,6120,0.1,"138"
6268,Debrework Branch,"207",true,1,1,2,2023-06-01 17:51:03.978,2,2023-07-23 16:20:42.620,"207",Outlying,Debre Markos Area Office,Amhara,branch,6120,0.1,"124"
6474,Lumamie Branch,"415",true,1,1,2,2023-06-01 17:51:03.978,2,2023-07-23 16:20:42.620,"415",Outlying,Debre Markos Area Office,Amhara,branch,6120,0.1,"439"
6469,Kuchi Branch,"410",true,1,1,2,2023-06-01 17:51:03.978,2,2023-07-23 16:20:42.620,"410",Outlying,Debre Markos Area Office,Amhara,branch,6120,0.1,"438"
6467,Sekela Branch,"408",true,1,1,2,2023-06-01 17:51:03.978,2,2023-07-23 16:20:42.620,"408",Outlying,Debre Markos Area Office,Amhara,branch,6120,0.1,"418"
6123,Customer Compliant Handling Division,"010",true,1,1,2,2023-06-01 17:51:03.978,17135,2024-10-19 06:41:18.101,"100",Addis Ababa,,Addis Ababa,head_office,6134,0.0,
6105,Procurement Management Directorate,"310",true,1,1,2,2023-06-01 17:51:03.978,17135,2024-10-19 06:42:59.337,"100",Addis Ababa,,Addis Ababa,head_office,6117,0.0,"318"
6112,Strategic Planning and Performance Management  Directorate,"140",true,1,1,2,2023-06-01 17:51:03.978,17141,2025-09-20 08:38:10.679,"100",Addis Ababa,,Addis Ababa,head_office,6116,0.0,"062"
6120,Debre Markos District Office,"961",true,1,1,2,2023-06-01 17:51:03.978,17141,2025-09-19 13:44:25.469,"961",Outlying,,Amhara,district_office,,0.1,"515"
11963,Corporate Communication Directorate,"440",true,1,29784,17141,2025-09-19 13:09:50.092,17141,2025-09-23 06:54:36.736,"100",,,Addis Ababa,head_office,6116,0.0,
6162,Main Branch,"101",true,1,1,2,2023-06-01 17:51:03.978,17138,2026-04-27 06:47:37.022,"101",Addis Ababa,Main Branch,Addis Ababa,branch,6107,0.0,"347"
6109,Risk Management & Compliance Senior Directorate,"090",true,1,1,2,2023-06-01 17:51:03.978,17138,2026-04-28 08:05:49.123,"100",Addis Ababa,,Addis Ababa,head_office,6134,0.0,"013"
12029,Change Management  TOT Leader,"465",true,1,29784,17138,2026-06-29 11:07:41.353,17138,2026-06-29 11:07:41.353,"100",Addis Ababa,,Addis Ababa,head_office,11962,0.0,
12037,Strategy and Data Intelligence Directorate,"495",true,1,29784,17138,2026-08-10 05:25:36.529,17138,2026-08-10 05:25:36.529,"100",Addis Ababa,,Addis Ababa,head_office,6135,0.0,
6251,Castle Branch,"190",true,1,1,2,2023-06-01 17:51:03.978,17383,2024-07-31 10:12:41.774,"190",Outlying,Mekele District,Tigray,branch,6607,0.1,"107"
6157,Worabie Duna Branch,"565",true,1,1,2,2023-06-01 17:51:03.978,17141,2025-02-14 06:04:12.394,"565",Outlying,Hawassa Area Office,Central Ethiopia Region,branch,6613,0.15,"565"
11721,Mezezo Branch,,false,1,2105,19041,2024-08-09 08:24:34.668,19041,2024-08-09 08:24:34.668,"575",,,,branch,,0.0,
6203,Nekemte Branch,"142",true,1,1,2,2023-06-01 17:51:03.978,2,2023-07-23 16:20:42.620,"142",Outlying,Jimma Area Office,Oromia,branch,6612,0.1,"056"
6344,Mekelle Momona Branch,"284",true,1,1,2,2023-06-01 17:51:03.978,2,2023-07-23 16:20:42.620,"284",Outlying,Mekele District,Tigray,branch,6607,0.1,"292"
6391,Adwa Branch,"331",true,1,1,2,2023-06-01 17:51:03.978,2,2023-07-23 16:20:42.620,"331",Outlying,Mekele District,Tigray,branch,6607,0.1,"344"
6173,Mekelle Branch,"112",true,1,1,2,2023-06-01 17:51:03.978,2,2023-07-23 16:20:42.620,"112",Outlying,Mekele District,Tigray,branch,6607,0.1,"025"
6399,Mehoni Branch,"339",true,1,1,2,2023-06-01 17:51:03.978,2,2023-07-23 16:20:42.620,"339",Outlying,Mekele District,Tigray,branch,6607,0.1,"345"
6393,Mekelle Adihawsi Branch,"333",true,1,1,2,2023-06-01 17:51:03.978,2,2023-07-23 16:20:42.620,"333",Outlying,Mekele District,Tigray,branch,6607,0.1,"343"
6201,Mekelle Enkodo Branch,"140",true,1,1,2,2023-06-01 17:51:03.978,2,2023-07-23 16:20:42.620,"140",Outlying,Mekele District,Tigray,branch,6607,0.1,"062"
6304,Enticho Branch,"242",true,1,1,2,2023-06-01 17:51:03.978,17119,2024-02-08 07:19:28.469,"242",Outlying,Mekele District,Tigray,branch,6607,0.15,"160"
6226,Alamata Branch,"165",true,1,1,2,2023-06-01 17:51:03.978,17119,2024-01-19 08:50:22.145,"165",Outlying,Mekele District,Tigray,branch,6607,0.1,"082"
6232,Adigrat Branch,"171",true,1,1,2,2023-06-01 17:51:03.978,2,2023-07-23 16:20:42.620,"171",Outlying,Mekele District,Tigray,branch,6607,0.1,"088"
6206,Harar Branch,"145",true,1,1,2,2023-06-01 17:51:03.978,2,2023-07-23 16:20:42.620,"145",Outlying,Adama Area Office,Harar,branch,6614,0.1,"058"
6102,Facility Management Directorate,"180",true,1,1,2,2023-06-01 17:51:03.978,17141,2025-09-20 06:20:06.829,"100",Addis Ababa,,Addis Ababa,head_office,6104,0.0,"097"
11543,Rema Branch,"579",true,1,29784,17119,2024-01-19 09:45:57.166,17119,2024-01-19 09:45:57.166,"579",Debre Berhan Area Office,I,Amhara,branch,6615,0.1,"579"
6143,Engineering Service Directorate,"230",true,1,1,2,2023-06-01 17:51:03.978,17141,2025-09-22 05:24:28.598,"100",Addis Ababa,,Addis Abba,head_office,6117,0.0,"148"
6256,Gofa Branch,"195",true,1,1,2,2023-06-01 17:51:03.978,2,2023-07-23 16:20:42.620,"195",Addis Ababa,South Addis Ababa District,Addis Ababa,branch,6107,0.0,"112"
6111,Enterprise Application Development and Operation Directorate,"200",true,1,1,2,2023-06-01 17:51:03.978,17141,2025-09-22 05:54:30.173,"100",Addis Ababa,,Addis Ababa,head_office,6135,0.0,"116"
6110,Internal Audit Senior Directorate,"120",true,1,1,2,2023-06-01 17:51:03.978,17138,2026-04-28 08:05:11.087,"100",Addis Ababa,,Addis Ababa,head_office,6134,0.0,"033"
6104,Accounting and Financial Management Directorate,"050",true,1,1,2,2023-06-01 17:51:03.978,17138,2026-05-29 11:10:40.621,"100",Addis Ababa,,Addis Ababa,head_office,6127,0.0,"009"
12030,Customer Experience and Value Stream TOT Leader,"470",true,1,29784,17138,2026-06-29 11:09:07.841,17138,2026-06-29 11:09:07.841,"100",Addis Ababa,,Addis Ababa,head_office,11962,0.0,
6497,Dejazmach Wondirad Branch,"438",true,1,1,2,2023-06-01 17:51:03.978,17129,2023-11-11 08:09:59.784,"438",East Addis Ababa District,East Addis Ababa District,Addis Ababa,branch,6608,0.0,"460"
6218,Wukro Branch,"157",true,1,1,2,2023-06-01 17:51:03.978,17119,2024-02-08 07:19:56.889,"157",Outlying,Mekele District,Tigray,branch,6607,0.15,"071"
6115,Office of The Company Secretary,"270",true,1,1,2,2023-06-01 17:51:03.978,17135,2024-10-19 06:42:15.726,"100",Addis Ababa,,Addis Ababa,head_office,6134,0.0,"366"
6097,Loan Workout Division,"070",true,1,1,2,2023-06-01 17:51:03.978,17135,2024-06-06 09:00:23.876,"100",Addis Ababa,,Addis Ababa,head_office,6148,0.0,"370"
6313,Kechene Medhanialem Branch,"251",true,1,1,2,2023-06-01 17:51:03.978,2,2023-07-23 16:20:42.620,"251",Addis Ababa,West Addis Ababa District,Addis Ababa,branch,6609,0.0,"169"
6106,Interest Free Banking Directorate,"260",true,1,1,2,2023-06-01 17:51:03.978,17141,2025-09-19 13:53:50.646,"100",Addis Ababa,,Addis Ababa,head_office,6134,0.0,"178"
6118,Digital Center of Excellence and Digital Factory  Directorate,"190",true,1,1,2,2023-06-01 17:51:03.978,17141,2025-09-20 08:33:32.727,"100",Addis Ababa,,Addis Ababa,head_office,6135,0.0,"107"
6144,Corporate Business Development and Relationship Management Directorate,"130",true,1,1,2,2023-06-01 17:51:03.978,17141,2025-09-19 13:51:13.038,"100",Addis Ababa,,Addis Abba,head_office,,0.0,"043"
6149,Chief Retail and Branch Banking Office,"240",true,1,1,2,2023-06-01 17:51:03.978,17141,2025-09-22 04:33:21.602,"100",Addis Ababa,,Addis Abba,head_office,6134,0.0,"158"
6114,Retail and SME Product Portfolio Management Directorate,"330",true,1,1,2,2023-06-01 17:51:03.978,17138,2026-04-28 07:58:41.088,"100",Addis Ababa,,Addis Ababa,head_office,6149,0.0,"346"
6142,Branch Banking Directorate,"340",true,1,1,2,2023-06-01 17:51:03.978,17138,2026-05-26 08:44:42.541,"100",Addis Ababa,,Addis Abba,head_office,,0.0,"518"
12031,Program Management Team Leader,"475",true,1,29784,17138,2026-06-29 11:10:34.738,17138,2026-06-29 11:10:34.738,"100",Addis Ababa,,Addis Ababa,head_office,11962,0.0,
6098,International Banking Directorate,"060",true,1,1,2,2023-06-01 17:51:03.978,17135,2024-10-19 06:34:56.840,"100",Addis Ababa,,Addis Ababa,head_office,6148,0.0,"010"
6247,Arba Minch Branch,"186",true,1,1,2,2023-06-01 17:51:03.978,17119,2024-01-26 08:15:04.085,"186",Outlying,Hawassa Area Office,SNNPRS,branch,6613,0.2,"103"
6252,Shire Branch,"191",true,1,1,2,2023-06-01 17:51:03.978,17119,2024-02-08 07:19:42.424,"191",Outlying,Mekele District,Tigray,branch,6607,0.15,"108"
6140,Infrastructure and Data Management Directorate,"210",true,1,1,2,2023-06-01 17:51:03.978,17141,2025-09-22 05:52:21.904,"100",Addis Ababa,,Addis Abba,head_office,6135,0.0,"126"
11966,Chief Product and service Innovation Office,"405",true,1,29784,17141,2025-09-19 13:20:56.351,17141,2025-09-23 06:31:51.762,"100",Addis Ababa,,Addis Ababa,head_office,6134,0.0,
6425,Eri Bekentu Branch,"366",true,1,1,2,2023-06-01 17:51:03.978,17135,2024-10-19 06:51:43.876,"366",Addis Ababa,West Addis Ababa District,Addis Ababa,branch,6609,0.0,"383"
6103,Credit Underwriting Directorate,"290",true,1,1,2,2023-06-01 17:51:03.978,17135,2024-10-19 06:35:26.515,"100",Addis Ababa,,Addis Ababa,head_office,6148,0.0,"304"
12032,Branch Transformation Division,"480",true,1,29784,17138,2026-06-29 11:12:09.396,17138,2026-06-29 11:12:09.396,"100",Addis Ababa,,Addis Ababa,head_office,11962,0.0,
6122,Service Desk Division,"280",true,1,1,2,2023-06-01 17:51:03.978,17138,2026-07-03 06:42:16.407,"100",Addis Ababa,,Addis Ababa,head_office,11969,0.0,"287"
6099,Credit Relationship Management Directorate,"070",true,1,1,2,2023-06-01 17:51:03.978,17135,2024-10-19 06:35:58.866,"100",Addis Ababa,,Addis Ababa,head_office,6148,0.0,
6100,IT Security Management Directorate,"320",true,1,1,2,2023-06-01 17:51:03.978,17135,2024-10-19 06:36:15.355,"100",Addis Ababa,,Addis Ababa,head_office,6135,0.0,"331"
6364,Finote Selam Branch,"304",true,1,1,2,2023-06-01 17:51:03.978,2,2023-07-23 16:20:42.620,"304",Outlying,Debre Markos Area Office,Amhara,branch,6120,0.1,"311"
6259,Humera Branch,"198",true,1,1,2,2023-06-01 17:51:03.978,17119,2024-02-08 07:17:12.516,"198",Outlying,Mekele District,Tigray,branch,6607,0.4,"117"
6361,CMC Michael Branch,"301",true,1,1,2,2023-06-01 17:51:03.978,2,2023-07-23 16:20:42.620,"301",Addis Ababa,East Addis Ababa District,Addis Ababa,branch,6608,0.0,"308"
6516,Gerba Guracha Branch,"457",true,1,1,2,2023-06-01 17:51:03.978,2,2023-07-23 16:20:42.620,"457",Outlying,West Addis Ababa District,Oromia,branch,6609,0.1,"476"
6121,Credit Portfolio Management Division,"070",true,1,1,2,2023-06-01 17:51:03.978,17135,2024-10-19 06:40:58.328,"100",Addis Ababa,,Addis Ababa,head_office,6148,0.0,"360"
1,Main Operating Unit,OU1,true,1,1,1,2023-04-13 17:44:52.499,2,2023-07-23 16:20:42.620,"100",,,,head_office,,0.0,
6116,Chief Strategy and Partnership Office,"030",true,1,1,2,2023-06-01 17:51:03.978,17141,2025-09-20 07:56:39.643,"100",Addis Ababa,,Addis Ababa,head_office,6134,0.0,"054"
6117,Chief Finance and Corporate Service Office,"040",true,1,1,2,2023-06-01 17:51:03.978,17141,2025-09-20 08:25:09.474,"100",Addis Ababa,,Addis Ababa,head_office,6134,0.0,"208"
6613,Hawassa District Office,"958",true,1,1,2,2023-06-01 17:51:03.978,17141,2025-09-19 13:42:52.897,"958",Outlying,,Sidama,district_office,,0.1,
11967,Treasury and Investment Directorate,"415",true,1,29784,17141,2025-09-19 13:26:58.625,17141,2025-09-23 06:51:50.574,"100",Addis Ababa,,Addis Ababa,head_office,6117,0.0,
6416,Bisrate Gabriel Branch,"356",true,1,1,2,2023-06-01 17:51:03.978,2,2023-07-23 16:20:42.620,"356",Addis Ababa,South Addis Ababa District,Addis Ababa,branch,6107,0.0,"371"
6151,Rema Branch,"0",false,1,1,2,2023-06-01 17:51:03.978,2,2023-07-23 16:20:42.620,"100",Outlying,,Amhara,branch,,0.0,
6414,Enkulal Fabrica Branch,"354",true,1,1,2,2023-06-01 17:51:03.978,2,2023-07-23 16:20:42.620,"354",Addis Ababa,West Addis Ababa District,Addis Ababa,branch,6609,0.0,"379"
6333,Wolkite Branch,"273",true,1,1,2,2023-06-01 17:51:03.978,17119,2024-02-08 07:20:11.272,"273",Outlying,West Addis Ababa District,SNNPRS,branch,6609,0.15,"200"
6352,Holeta Branch,"292",true,1,1,2,2023-06-01 17:51:03.978,17119,2024-01-19 12:14:52.872,"292",Outlying,West Addis Ababa District,Oromia,branch,6609,0.1,"294"
6219,Merawi Branch,"158",true,1,1,2,2023-06-01 17:51:03.978,2,2023-07-23 16:20:42.620,"158",Outlying,Bahir Dar District,Amhara,branch,6610,0.1,"075"
6298,Atsbi Branch,"236",true,1,1,2,2023-06-01 17:51:03.978,17119,2024-02-08 07:18:32.877,"236",Outlying,Mekele District,Tigray,branch,6607,0.15,"154"
11968,People Solutions Directorate,"420",true,1,29784,17141,2025-09-19 13:29:39.287,17141,2025-09-23 06:52:51.521,"100",Addis Ababa,,Addis Ababa,head_office,11961,0.0,
6446,Azena Branch,"387",true,1,1,2,2023-06-01 17:51:03.978,17135,2024-10-19 06:52:33.553,"387",Outlying,Bahir Dar District,Amhara,branch,6610,0.1,"419"
6376,Bahir Dar Zenbaba Branch,"316",true,1,1,2,2023-06-01 17:51:03.978,2,2023-07-23 16:20:42.620,"316",Outlying,Bahir Dar District,Amhara,branch,6610,0.1,"327"
6379,Ebinat Branch,"319",true,1,1,2,2023-06-01 17:51:03.978,2,2023-07-23 16:20:42.620,"319",Outlying,Bahir Dar District,Amhara,branch,6610,0.1,"326"
6502,Sekota Branch,"164",false,1,1,2,2023-06-01 17:51:03.978,17141,2025-06-19 06:25:15.526,"164",Outlying,Dessie District,Amhara,branch,6611,0.1,"480"
11969,Deputy Chief-Technology Office,"425",true,1,29784,17141,2025-09-19 13:35:11.739,17138,2026-08-10 06:25:11.773,"100",Addis Aaba,,Addis Aaba,head_office,6135,0.0,
6303,Axum Branch,"241",true,1,1,2,2023-06-01 17:51:03.978,17119,2024-02-08 07:18:53.433,"241",Outlying,Mekele District,Tigray,branch,6607,0.15,"159"
6262,Metema Branch,"201",true,1,1,2,2023-06-01 17:51:03.978,17119,2024-02-08 07:13:33.254,"201",Outlying,Bahir Dar District,Amhara,branch,6610,0.4,"118"
6331,Gerba Branch,"271",true,1,1,2,2023-06-01 17:51:03.978,2,2023-07-23 16:20:42.620,"271",Outlying,Dessie District,Amhara,branch,6611,0.1,"191"
6178,Kobo Branch,"117",true,1,1,2,2023-06-01 17:51:03.978,2,2023-07-23 16:20:42.620,"117",Outlying,Dessie District,Amhara,branch,6611,0.1,"030"
11884,Customer Compliant Handling Division,"010",true,1,1,19595,2025-03-27 07:49:15.099,19595,2025-03-27 07:49:15.099,"100",Addis Ababa,,Addis Ababa,head_office,6134,0.0,
6161,Sendafa Branch,"556",true,1,1,2,2023-06-01 17:51:03.978,17119,2024-01-19 12:15:07.847,"556",Outlying,East Addis Ababa District,Oromia,branch,6608,0.1,"556"
11970,Contact Center and Digital Customer Acquisition Directorate,"430",true,1,29784,17141,2025-09-19 13:37:38.578,17141,2025-09-23 06:53:43.056,"100",Addis Ababa,,Addis Ababa,head_office,6135,0.0,
6127,People Operation Management Directorate,"100",true,1,1,2,2023-06-01 17:51:03.978,17138,2026-03-18 12:47:10.741,"100",Addis Ababa,,Addis Abba,head_office,11961,0.0,"006"
6424,Tulu Dimtu Branch,"365",true,1,1,2,2023-06-01 17:51:03.978,2,2023-07-23 16:20:42.620,"365",Addis Ababa,South Addis Ababa District,Addis Ababa,branch,6107,0.0,"280"
6392,Gotera Branch,"332",true,1,1,2,2023-06-01 17:51:03.978,2,2023-07-23 16:20:42.620,"332",Addis Ababa,South Addis Ababa District,Addis Ababa,branch,6107,0.0,"340"
6603,Mersa Abagetye Branch,"548",true,1,1,2,2023-06-01 17:51:03.978,17135,2024-04-19 11:32:02.665,"548",Outlying,Dessie District,Amhara,branch,6611,0.15,"600"
6131,People Performance and Development Directorate,"300",true,1,1,2,2023-06-01 17:51:03.978,17138,2026-03-18 13:11:04.420,"100",Addis Ababa,,Addis Abba,head_office,11961,0.0,"307"
6108,Digital Banking Directorate,"250",true,1,1,2,2023-06-01 17:51:03.978,17138,2026-04-28 07:55:31.566,"100",Addis Ababa,,Addis Ababa,head_office,6149,0.0,"168"
6148,Chief Corporate Banking Office,"020",true,1,1,2,2023-06-01 17:51:03.978,17141,2025-09-20 08:55:10.318,"100",Addis Ababa,,Addis Abba,head_office,6134,0.0,"066"
6384,Dukem Branch,"324",true,1,1,2,2023-06-01 17:51:03.978,2,2023-07-23 16:20:42.620,"324",Outlying,South Addis Ababa District,Oromia,branch,6107,0.1,"329"
6135,Chief Information and Digital Office,"110",true,1,1,2,2023-06-01 17:51:03.978,17141,2025-09-20 07:54:46.588,"100",Addis Ababa,,Addis Abba,head_office,6134,0.0,"023"
6107,South Addis Ababa District Office,"955",true,1,1,2,2023-06-01 17:51:03.978,17141,2025-09-19 13:45:31.874,"955",Addis Ababa,,Addis Ababa,district_office,,0.0,
6615,Debre Berhan District Office,"960",true,1,1,2,2023-06-01 17:51:03.978,17141,2025-09-19 13:44:02.829,"960",Outlying,,Amhara,district_office,,0.1,"515"
6366,Saris Dama Hotel Branch,"306",true,1,1,2,2023-06-01 17:51:03.978,2,2023-07-23 16:20:42.620,"306",Addis Ababa,South Addis Ababa District,Addis Abba,branch,6107,0.0,"313"
6614,Adama District Office,"959",true,1,1,2,2023-06-01 17:51:03.978,17141,2025-09-19 13:43:16.155,"959",Outlying,,Oromia,district_office,,0.1,"514"
6608,East Addis Ababa District Office,"952",true,1,1,2,2023-06-01 17:51:03.978,17141,2025-09-19 13:45:48.269,"952",Addis Ababa,,Addis Ababa,district_office,,0.0,"207"
6612,Jimma District Office,"957",true,1,1,2,2023-06-01 17:51:03.978,17141,2025-09-19 13:43:40.857,"957",Outlying,,Oromia,district_office,,0.1,"512"
6356,Kality Maseltegna Branch,"296",true,1,1,2,2023-06-01 17:51:03.978,2,2023-07-23 16:20:42.620,"296",Addis Ababa,South Addis Ababa District,Addis Ababa,branch,6107,0.0,"306"
6167,Genet Branch,"106",true,1,1,2,2023-06-01 17:51:03.978,2,2023-07-23 16:20:42.620,"106",Addis Ababa,South Addis Ababa District,Addis Ababa,branch,6107,0.0,"020"
6480,Salogora Branch,"421",true,1,1,2,2023-06-01 17:51:03.978,2,2023-07-23 16:20:42.620,"421",Addis Ababa,South Addis Ababa District,Addis Ababa,branch,6107,0.0,"448"
6456,Jemo Anbessa Garaj Branch,"397",true,1,1,2,2023-06-01 17:51:03.978,2,2023-07-23 16:20:42.620,"397",Addis Ababa,South Addis Ababa District,Addis Ababa,branch,6107,0.0,"407"
6457,Bole Bulbula Mariam Mazoria Branch,"398",true,1,1,2,2023-06-01 17:51:03.978,2,2023-07-23 16:20:42.620,"398",Addis Ababa,South Addis Ababa District,Addis Ababa,branch,6107,0.0,"409"
6515,Woliso Branch,"456",true,1,1,2,2023-06-01 17:51:03.978,17141,2025-02-14 08:37:33.736,"456",Outlying,South Addis Ababa District Office,Oromia,branch,6107,0.1,"475"
6134,Chief Executive Office,"010",true,1,1,2,2023-06-01 17:51:03.978,17135,2024-10-19 06:31:13.741,"100",Addis Ababa,,Addis Abba,head_office,,0.0,"001"
6358,Sefera Branch,"298",true,1,1,2,2023-06-01 17:51:03.978,2,2023-07-23 16:20:42.620,"298",Addis Ababa,South Addis Ababa District,Addis Ababa,branch,6107,0.0,"305"
6505,St. Yared Square Branch,"446",true,1,1,2,2023-06-01 17:51:03.978,2,2023-07-23 16:20:42.620,"446",Addis Ababa,South Addis Ababa District,Addis Ababa,branch,6107,0.0,"488"
6498,Jemo Michael Branch,"439",true,1,1,2,2023-06-01 17:51:03.978,2,2023-07-23 16:20:42.620,"439",Addis Ababa,South Addis Ababa District,Addis Ababa,branch,6107,0.0,"466"
6458,Akaki Branch,"399",true,1,1,2,2023-06-01 17:51:03.978,2,2023-07-23 16:20:42.620,"399",Addis Ababa,South Addis Ababa District,Addis Ababa,branch,6107,0.0,"408"
6246,Bishoftu Branch,"185",true,1,1,2,2023-06-01 17:51:03.978,2,2023-07-23 16:20:42.620,"185",Outlying,South Addis Ababa District,Oromia,branch,6107,0.1,"102"
6270,Lancha Branch,"209",true,1,1,2,2023-06-01 17:51:03.978,2,2023-07-23 16:20:42.620,"209",Addis Ababa,South Addis Ababa District,Addis Ababa,branch,6107,0.0,"127"
6478,Gelan Condominium Branch,"419",true,1,1,2,2023-06-01 17:51:03.978,2,2023-07-23 16:20:42.620,"419",Addis Ababa,South Addis Ababa District,Addis Ababa,branch,6107,0.0,"410"
6126,Kuja Branch,"0",false,1,1,2,2023-06-01 17:51:03.978,2,2023-12-23 11:49:04.215,"100",,,,branch,,0.1,
6560,Adama Kelo Branch,"489",true,1,1,2,2023-06-01 17:51:03.978,17119,2023-11-11 06:55:19.698,"489",Outlying,Adama Area Office,Oromia,branch,6614,0.1,"543"
6155,Bethel Branch,"169",true,1,1,2,2023-06-01 17:51:03.978,20410,2023-09-20 12:13:16.483,"169",Addis Ababa,West Addis Ababa District,Addis Abba,branch,6609,0.0,"169"
6587,Adama Silasie Branch,"529",true,1,1,2,2023-06-01 17:51:03.978,17192,2025-01-10 09:34:30.483,"529",adama,Adama Area Office,Oromia,branch,6614,0.1,"539"
6240,Woletie Branch,"179",true,1,1,2,2023-06-01 17:51:03.978,17141,2025-02-14 08:38:28.825,"179",Addis Ababa,South Addis Ababa District Office,Oromia,branch,6107,0.0,"096"
6589,Bole Rwanda Branch,"135",true,1,1,2,2023-06-01 17:51:03.978,20360,2023-12-23 08:22:52.268,"135",Addis Ababa,South Addis Ababa District,Addis Ababa,branch,6107,0.0,
11520,Fogera Branch,"574",true,1,1,20104,2023-12-01 14:05:21.502,2,2023-12-22 16:28:17.485,"574",,Bahir Dar District,,branch,6610,0.1,
11480,Arat Kilo Capital Store,"1002",true,1,1,2,2023-08-31 07:41:53.410,2,2024-04-04 08:31:59.451,"100",,,,head_office,6102,0.0,
6113,Market Research and Business Intelligence Directorate,"150",true,1,1,2,2023-06-01 17:51:03.978,17141,2025-09-22 05:42:34.218,"100",Addis Ababa,,Addis Ababa,head_office,6116,0.0,"053"
11479,Piassa Consumable Store,"1001",true,1,1,2,2023-08-31 07:41:12.756,17900,2026-04-03 11:53:52.174,"100",,,,head_office,6102,0.0,
6124,Jihur Branch,"0",false,1,1,2,2023-06-01 17:51:03.978,2,2023-07-23 16:20:42.620,"100",Outlying,,Amhara,branch,,0.0,
6360,Kera Beg Tera Branch,"300",true,1,1,2,2023-06-01 17:51:03.978,2,2023-07-23 16:20:42.620,"300",Addis Ababa,South Addis Ababa District,Addis Ababa,branch,6107,0.0,"307"
6253,Jemmo Branch,"192",true,1,1,2,2023-06-01 17:51:03.978,2,2023-07-23 16:20:42.620,"192",Addis Ababa,South Addis Ababa District,Addis Ababa,branch,6107,0.0,"109"
6357,Africa Union Branch,"297",true,1,1,2,2023-06-01 17:51:03.978,2,2023-07-23 16:20:42.620,"297",Addis Ababa,South Addis Ababa District,Addis Ababa,branch,6107,0.0,"297"
6455,Chuahit Branch,"396",true,1,1,2,2023-06-01 17:51:03.978,2,2023-07-23 16:20:42.620,"396",Outlying,Bahir Dar District,Amhara,branch,6610,0.1,"405"
6471,Atse Sertsedingl Branch,"412",true,1,1,2,2023-06-01 17:51:03.978,20104,2024-01-18 14:02:12.918,"412",Outlying,Bahir Dar District,Amhara,branch,6610,0.1,"454"
6210,Gimbi Branch,"149",true,1,1,2,2023-06-01 17:51:03.978,17119,2024-02-08 07:18:11.662,"149",Outlying,Jimma Area Office,Oromia,branch,6612,0.15,"070"
6188,Bale Goba Branch,"127",true,1,1,2,2023-06-01 17:51:03.978,2,2023-07-23 16:20:42.620,"127",Outlying,Hawassa Area Office,Oromia,branch,6613,0.1,"041"
6281,Alemayehu Mekonnen Branch,"220",true,1,1,2,2023-06-01 17:51:03.978,17141,2024-12-16 13:14:29.641,"220",Addis Ababa,South Addis Ababa District,Addis Ababa,branch,6107,0.0,"135"
6375,Yejube Branch,"315",true,1,1,2,2023-06-01 17:51:03.978,2,2023-07-23 16:20:42.620,"315",Outlying,Debre Markos Area Office,Amhara,branch,6120,0.1,"333"
6377,Felege Berhan Branch,"317",true,1,1,2,2023-06-01 17:51:03.978,2,2023-07-23 16:20:42.620,"317",Outlying,Debre Markos Area Office,Amhara,branch,6120,0.1,"325"
6378,Kuy Branch,"318",true,1,1,2,2023-06-01 17:51:03.978,2,2023-07-23 16:20:42.620,"318",Outlying,Debre Markos Area Office,Amhara,branch,6120,0.1,"322"
6559,Yebokla Branch,"501",true,1,1,2,2023-06-01 17:51:03.978,2,2023-07-23 16:20:42.620,"501",Outlying,Debre Markos Area Office,Amhara,branch,6120,0.1,"521"
6205,Dire Dawa Branch,"144",true,1,1,2,2023-06-01 17:51:03.978,17119,2024-02-08 07:12:25.941,"144",Outlying,Adama Area Office,Dire Dawa,branch,6614,0.2,"059"
6542,Geray Branch,"482",true,1,1,2,2023-06-01 17:51:03.978,2,2023-07-23 16:20:42.620,"482",Outlying,Debre Markos Area Office,Amhara,branch,6120,0.1,"499"
6177,Bichena Branch,"116",true,1,1,2,2023-06-01 17:51:03.978,2,2023-07-23 16:20:42.620,"116",Outlying,Debre Markos Area Office,Amhara,branch,6120,0.1,"029"
6533,Feres Bet Branch,"473",true,1,1,2,2023-06-01 17:51:03.978,2,2023-07-23 16:20:42.620,"473",Outlying,Debre Markos Area Office,Amhara,branch,6120,0.1,"522"
6527,Yezeleka Branch,"467",true,1,1,2,2023-06-01 17:51:03.978,2,2023-07-23 16:20:42.620,"467",Outlying,Debre Markos Area Office,Amhara,branch,6120,0.1,"527"
6322,Dembecha Branch,"260",true,1,1,2,2023-06-01 17:51:03.978,2,2023-07-23 16:20:42.620,"260",Outlying,Debre Markos Area Office,Amhara,branch,6120,0.1,"178"
6401,Hadis Alemayehu Branch,"341",true,1,1,2,2023-06-01 17:51:03.978,2,2023-07-23 16:20:42.620,"341",Outlying,Debre Markos Area Office,Amhara,branch,6120,0.1,"352"
6406,Shebel Berenta Branch,"346",true,1,1,2,2023-06-01 17:51:03.978,2,2023-07-23 16:20:42.620,"346",Outlying,Debre Markos Area Office,Amhara,branch,6120,0.1,"361"
6410,Jiga Branch,"350",true,1,1,2,2023-06-01 17:51:03.978,2,2023-07-23 16:20:42.620,"350",Outlying,Debre Markos Area Office,Amhara,branch,6120,0.1,"360"
6465,Rebu Gebeya Branch,"406",true,1,1,2,2023-06-01 17:51:03.978,2,2023-07-23 16:20:42.620,"406",Outlying,Debre Markos Area Office,Amhara,branch,6120,0.1,"440"
6439,Gindewoyin Branch,"380",true,1,1,2,2023-06-01 17:51:03.978,2,2023-07-23 16:20:42.620,"380",Outlying,Debre Markos Area Office,Amhara,branch,6120,0.1,"397"
6481,Abma Branch,"422",true,1,1,2,2023-06-01 17:51:03.978,2,2023-07-23 16:20:42.620,"422",Outlying,Debre Markos Area Office,Amhara,branch,6120,0.1,"420"
6316,Bure Damot Branch,"254",true,1,1,2,2023-06-01 17:51:03.978,17135,2024-06-18 06:50:24.583,"254",Outlying,Debre Markos Area Office,Amhara,branch,6120,0.15,"172"
6525,Ras Bitweded Mengesha Branch,"465",true,1,1,2,2023-06-01 17:51:03.978,17135,2024-06-18 06:50:42.621,"465",Outlying,Debre Markos Area Office,Amhara,branch,6120,0.15,"500"
6359,Mekelle Adishumdhun Branch,"299",true,1,1,2,2023-06-01 17:51:03.978,2,2023-07-23 16:20:42.620,"299",Outlying,Mekele District,Tigray,branch,6607,0.1,"309"
6132,Mezezo Branch,"575",true,1,1,2,2023-06-01 17:51:03.978,2,2023-12-23 11:51:32.379,"575",Outlying,Debre Birhan Area Office,Amhara,branch,6615,0.1,"575"
6169,Ayer Tena  Branch,"108",true,1,1,2,2023-06-01 17:51:03.978,17141,2025-04-23 05:04:52.083,"108",Addis Ababa,South Addis Ababa District,Addis Ababa,branch,6107,0.0,"014"
6138,Gesha Branch,"563",true,1,1,2,2023-06-01 17:51:03.978,2,2023-12-23 11:43:39.597,"563",Outlying,Jimma Area Office,SNNPRS,branch,6612,0.1,"563"
6387,Lamberet Branch,"327",true,1,1,2,2023-06-01 17:51:03.978,2,2023-07-23 16:20:42.620,"327",Addis Ababa,East Addis Ababa District,Addis Ababa,branch,6608,0.0,"337"
6202,Bole Asrasimint Branch,"141",true,1,1,2,2023-06-01 17:51:03.978,2,2023-07-23 16:20:42.620,"141",Addis Ababa,East Addis Ababa District,Addis Ababa,branch,6608,0.0,"060"
6459,Summit Goro Branch,"400",true,1,1,2,2023-06-01 17:51:03.978,2,2023-07-23 16:20:42.620,"400",Addis Ababa,East Addis Ababa District,Addis Ababa,branch,6608,0.0,"431"
6463,Summit 72 Branch,"404",true,1,1,2,2023-06-01 17:51:03.978,2,2023-07-23 16:20:42.620,"404",Addis Ababa,East Addis Ababa District,Addis Ababa,branch,6608,0.0,"413"
6470,Lemmi Kura Branch,"411",true,1,1,2,2023-06-01 17:51:03.978,2,2023-07-23 16:20:42.620,"411",Addis Ababa,East Addis Ababa District,Addis Ababa,branch,6608,0.0,"412"
6473,Karalo Branch,"414",true,1,1,2,2023-06-01 17:51:03.978,2,2023-07-23 16:20:42.620,"414",Addis Ababa,East Addis Ababa District,Addis Ababa,branch,6608,0.0,"430"
6165,Bole Medhanialem Branch,"104",true,1,1,2,2023-06-01 17:51:03.978,2,2023-07-23 16:20:42.620,"104",Addis Ababa,East Addis Ababa District,Addis Ababa,branch,6608,0.0,"018"
6181,Kotebe Branch,"120",true,1,1,2,2023-06-01 17:51:03.978,2,2023-07-23 16:20:42.620,"120",Addis Ababa,East Addis Ababa District,Addis Ababa,branch,6608,0.0,"033"
6183,Olympia Branch,"122",true,1,1,2,2023-06-01 17:51:03.978,2,2023-07-23 16:20:42.620,"122",Addis Ababa,East Addis Ababa District,Addis Ababa,branch,6608,0.0,"035"
6308,Wolayta Sodo Branch,"246",true,1,1,2,2023-06-01 17:51:03.978,17119,2024-02-08 07:16:50.594,"246",Outlying,Hawassa Area Office,SNNPRS,branch,6613,0.15,"164"
6307,Konso Carat Branch,"245",true,1,1,2,2023-06-01 17:51:03.978,17119,2024-02-08 07:15:47.866,"245",Outlying,Hawassa Area Office,SNNPRS,branch,6613,0.2,"163"
6255,Kotebe 02 Branch,"194",true,1,1,2,2023-06-01 17:51:03.978,2,2023-07-23 16:20:42.620,"194",Addis Ababa,East Addis Ababa District,Addis Ababa,branch,6608,0.0,"111"
6187,Gerji Branch,"126",true,1,1,2,2023-06-01 17:51:03.978,2,2023-07-23 16:20:42.620,"126",Addis Ababa,East Addis Ababa District,Addis Ababa,branch,6608,0.0,"039"
6150,Adama Kela Branch,"502",true,1,1,2,2023-06-01 17:51:03.978,2,2023-12-23 18:04:52.815,"502",Outlying,Adama Area Office,Oromia ,branch,6614,0.1,"502"
6186,Hayahulet Mazoria Branch,"102",true,1,1,2,2023-06-01 17:51:03.978,17142,2023-12-13 13:33:26.534,"102",City,East Addis Ababa District,Addis Ababa,branch,6608,0.0,"038"
6212,Sholla Gebeya Branch,"151",true,1,1,2,2023-06-01 17:51:03.978,2,2023-07-23 16:20:42.620,"151",Addis Ababa,East Addis Ababa District,Addis Ababa,branch,6608,0.0,"063"
6213,Imperial Branch,"152",true,1,1,2,2023-06-01 17:51:03.978,2,2023-07-23 16:20:42.620,"152",Addis Ababa,East Addis Ababa District,Addis Ababa,branch,6608,0.0,"068"
6221,Summit Branch,"160",true,1,1,2,2023-06-01 17:51:03.978,2,2023-07-23 16:20:42.620,"160",Addis Ababa,East Addis Ababa District,Addis Ababa,branch,6608,0.0,"077"
6266,Wuha Limat Branch,"205",true,1,1,2,2023-06-01 17:51:03.978,2,2023-07-23 16:20:42.620,"205",Addis Ababa,East Addis Ababa District,Addis Ababa,branch,6608,0.0,"122"
6269,Atlas Branch,"208",true,1,1,2,2023-06-01 17:51:03.978,2,2023-07-23 16:20:42.620,"208",Addis Ababa,East Addis Ababa District,Addis Ababa,branch,6608,0.0,"125"
6274,Urael Branch,"213",true,1,1,2,2023-06-01 17:51:03.978,2,2023-07-23 16:20:42.620,"213",Addis Ababa,East Addis Ababa District,Addis Ababa,branch,6608,0.0,"131"
6329,Tele Medhanialem Branch,"268",true,1,1,2,2023-06-01 17:51:03.978,2,2023-07-23 16:20:42.620,"268",Addis Ababa,East Addis Ababa District,Addis Ababa,branch,6608,0.0,"186"
6346,Beshale Branch,"286",true,1,1,2,2023-06-01 17:51:03.978,2,2023-07-23 16:20:42.620,"286",Addis Ababa,East Addis Ababa District,Addis Ababa,branch,6608,0.0,"286"
6347,Sealite Mihret Branch,"287",true,1,1,2,2023-06-01 17:51:03.978,2,2023-07-23 16:20:42.620,"287",Addis Ababa,East Addis Ababa District,Addis Ababa,branch,6608,0.0,"293"
6348,Gurd Sholla Branch,"288",true,1,1,2,2023-06-01 17:51:03.978,2,2023-07-23 16:20:42.620,"288",Addis Ababa,East Addis Ababa District,Addis Ababa,branch,6608,0.0,"291"
6395,Arat Kilo Branch,"335",true,1,1,2,2023-06-01 17:51:03.978,2,2023-07-23 16:20:42.620,"335",Addis Ababa,East Addis Ababa District,Addis Ababa,branch,6608,0.0,"015"
6397,Kebena Branch,"337",true,1,1,2,2023-06-01 17:51:03.978,2,2023-07-23 16:20:42.620,"337",Addis Ababa,East Addis Ababa District,Addis Ababa,branch,6608,0.0,"341"
6404,Ayat Tafo Branch,"344",true,1,1,2,2023-06-01 17:51:03.978,2,2023-07-23 16:20:42.620,"344",Addis Ababa,East Addis Ababa District,Addis Ababa,branch,6608,0.0,"358"
6405,Bole Haya Arat Branch,"345",true,1,1,2,2023-06-01 17:51:03.978,2,2023-07-23 16:20:42.620,"345",Addis Ababa,East Addis Ababa District,Addis Ababa,branch,6608,0.0,"359"
6423,Jakros Square Branch,"364",true,1,1,2,2023-06-01 17:51:03.978,2,2023-07-23 16:20:42.620,"364",Addis Ababa,East Addis Ababa District,Addis Ababa,branch,6608,0.0,"385"
6442,Bole Arabssa Branch,"383",true,1,1,2,2023-06-01 17:51:03.978,2,2023-07-23 16:20:42.620,"383",Addis Ababa,East Addis Ababa District,Addis Ababa,branch,6608,0.0,"391"
6443,Ferensay Legasion Branch,"384",true,1,1,2,2023-06-01 17:51:03.978,2,2023-07-23 16:20:42.620,"384",Addis Ababa,East Addis Ababa District,Addis Ababa,branch,6608,0.0,"404"
6448,Shiromeda Branch,"389",true,1,1,2,2023-06-01 17:51:03.978,2,2023-07-23 16:20:42.620,"389",Addis Ababa,East Addis Ababa District,Addis Ababa,branch,6608,0.0,"411"
6254,Legetafo Branch,"193",true,1,1,2,2023-06-01 17:51:03.978,2,2023-07-23 16:20:42.620,"193",Addis Ababa,East Addis Ababa District,Oromia,branch,6608,0.0,"110"
6172,Beklo Bet Branch,"111",true,1,1,2,2023-06-01 17:51:03.978,2,2023-07-23 16:20:42.620,"111",Addis Ababa,South Addis Ababa District,Addis Ababa,branch,6107,0.0,"024"
6264,Alemgena Branch.,"203",false,1,1,2,2023-06-01 17:51:03.978,17141,2025-02-14 08:49:57.902,"203",Addis Ababa,South Addis Ababa District Office,Oromia,branch,6107,0.0,"120"
6141,Kheyir Branch,"559",true,1,1,2,2023-06-01 17:51:03.978,17119,2024-02-20 11:13:21.289,"559",Outlying,Debre Birhan Area Office,Amhara,branch,6615,0.2,"559"
6145,Hara Branch,"543",true,1,1,2,2023-06-01 17:51:03.978,17119,2024-01-19 12:13:51.080,"543",Outlying,Dessie District,Amhara,branch,6611,0.1,"543"
6507,Yeka Michael Branch,"448",true,1,1,2,2023-06-01 17:51:03.978,2,2023-07-23 16:20:42.620,"448",Addis Ababa,East Addis Ababa District,Addis Ababa,branch,6608,0.0,"489"
6523,Dale Dembel Branch,"464",true,1,1,2,2023-06-01 17:51:03.978,17119,2024-01-26 08:15:19.509,"464",Outlying,East Addis Ababa District,Oromia,branch,6608,0.1,"507"
6475,Bole Beshale Branch,"416",true,1,1,2,2023-06-01 17:51:03.978,2,2023-07-23 16:20:42.620,"416",Addis Ababa,East Addis Ababa District,Addis Ababa ,branch,6608,0.0,"450"
6222,Bole Millennium Branch,"161",true,1,1,2,2023-06-01 17:51:03.978,2,2023-07-23 16:20:42.620,"161",Addis Ababa,East Addis Ababa District,Addis Ababa,branch,6608,0.0,"079"
6228,Shalla Menafesha Branch,"167",true,1,1,2,2023-06-01 17:51:03.978,2,2023-07-23 16:20:42.620,"167",Addis Ababa,East Addis Ababa District,Addis Ababa,branch,6608,0.0,"084"
6236,Kazanchis Branch,"175",true,1,1,2,2023-06-01 17:51:03.978,2,2023-07-23 16:20:42.620,"175",Addis Ababa,East Addis Ababa District,Addis Ababa,branch,6608,0.0,"092"
6237,CMC Branch,"176",true,1,1,2,2023-06-01 17:51:03.978,2,2023-07-23 16:20:42.620,"176",Addis Ababa,East Addis Ababa District,Addis Ababa,branch,6608,0.0,"093"
6258,Abinet Branch,"197",true,1,1,2,2023-06-01 17:51:03.978,2,2023-07-23 16:20:42.620,"197",Addis Ababa,West Addis Ababa District,Addis Ababa,branch,6609,0.0,"114"
6156,Adama Elemo Kiltu Branch,"560",true,1,1,2,2023-06-01 17:51:03.978,2,2023-12-23 11:33:15.329,"560",Outlying,Adama Area Office,Oromia ,branch,6614,0.1,"560"
6160,Legehar Branch,"359",true,1,1,2,2023-06-01 17:51:03.978,20410,2023-09-20 12:05:36.418,"359",Addis Ababa,West Addis Ababa District,Addis Ababa,branch,6609,0.0,"359"
6196,Garment 72 Branch,"531",true,1,1,2,2023-06-01 17:51:03.978,17129,2023-12-23 06:31:07.027,"531",Addis Ababa,South Addis Ababa District,Addis Ababa,branch,6107,0.0,"051"
6260,Bahir Dar Abay Mado Branch,"199",true,1,1,2,2023-06-01 17:51:03.978,2,2023-07-23 16:20:42.620,"199",Outlying,Bahir Dar District,Amhara,branch,6610,0.1,"115"
6154,Worebabo Branch,"562",true,1,1,2,2023-06-01 17:51:03.978,2,2023-12-23 11:59:49.971,"562",Outlying,Dessie District,Amhara,branch,6611,0.1,"562"
6159,Aba Megal Branch,"558",true,1,1,2,2023-06-01 17:51:03.978,2,2023-12-23 07:24:21.451,"558",Outlying,Jimma Area Office,Oromia,branch,6612,0.1,"558"
6152,Wogeltena Branch,"554",true,1,1,2,2023-06-01 17:51:03.978,2,2023-12-23 11:59:21.368,"554",Outlying,Dessie District,Amhara,branch,6611,0.1,"554"
6208,Dollo Mana Branch,"147",true,1,1,2,2023-06-01 17:51:03.978,17119,2024-02-08 07:15:17.337,"147",Outlying,Hawassa Area Office,Oromia,branch,6613,0.2,"072"
6345,Alemayehu Mekonnen Branch,"285",false,1,1,2,2023-06-01 17:51:03.978,17141,2024-12-16 13:10:48.996,"285",Addis Ababa,East Addis Ababa District,Addis Ababa,branch,6608,0.0,"285"
6524,Denbel Area Branch,"262",true,1,1,2,2023-06-01 17:51:03.978,2,2024-08-21 10:54:08.246,"262",Addis Ababa,East Addis Ababa District,Addis Ababa,branch,6608,0.0,"180"
6224,Jigjiga Branch,"163",true,1,1,2,2023-06-01 17:51:03.978,17119,2024-02-08 07:13:11.899,"163",Outlying,Adama Area Office,Somale,branch,6614,0.15,"080"
6315,Amanuel Branch,"253",true,1,1,2,2023-06-01 17:51:03.978,2,2023-07-23 16:20:42.620,"253",Outlying,Debre Markos Area Office,Amhara,branch,6120,0.1,"171"
6239,Kahen Sefer Branch,"178",true,1,1,2,2023-06-01 17:51:03.978,2,2023-07-23 16:20:42.620,"178",Addis Ababa,East Addis Ababa District,Addis Ababa,branch,6608,0.0,"095"
6241,Megenagna Branch,"180",true,1,1,2,2023-06-01 17:51:03.978,2,2023-07-23 16:20:42.620,"180",Addis Ababa,East Addis Ababa District,Addis Ababa,branch,6608,0.0,"097"
6243,Kebede Michael Branch,"182",true,1,1,2,2023-06-01 17:51:03.978,2,2023-07-23 16:20:42.620,"182",Addis Ababa,East Addis Ababa District,Addis Ababa,branch,6608,0.0,"099"
6244,Haile Gebresilassie Street Branch,"183",true,1,1,2,2023-06-01 17:51:03.978,2,2023-07-23 16:20:42.620,"183",Addis Ababa,East Addis Ababa District,Addis Ababa,branch,6608,0.0,"100"
6249,Gerji Mebrat Hail Branch,"188",true,1,1,2,2023-06-01 17:51:03.978,2,2023-07-23 16:20:42.620,"188",Addis Ababa,East Addis Ababa District,Addis Ababa,branch,6608,0.0,"105"
6283,Summit Safari branch,"222",true,1,1,2,2023-06-01 17:51:03.978,2,2023-07-23 16:20:42.620,"222",Addis Ababa,East Addis Ababa District,Addis Ababa,branch,6608,0.0,"139"
6284,Ayat Branch,"223",true,1,1,2,2023-06-01 17:51:03.978,2,2023-07-23 16:20:42.620,"223",Addis Ababa,East Addis Ababa District,Addis Ababa,branch,6608,0.0,"140"
6288,Signal Branch,"227",true,1,1,2,2023-06-01 17:51:03.978,2,2023-07-23 16:20:42.620,"227",Addis Ababa,East Addis Ababa District,Addis Ababa,branch,6608,0.0,"144"
6306,Meskel Square Branch,"244",true,1,1,2,2023-06-01 17:51:03.978,2,2023-07-23 16:20:42.620,"244",Addis Ababa,East Addis Ababa District,Addis Ababa,branch,6608,0.0,"162"
6317,Silassie Branch,"255",true,1,1,2,2023-06-01 17:51:03.978,2,2023-07-23 16:20:42.620,"255",Addis Ababa,East Addis Ababa District,Addis Ababa,branch,6608,0.0,"174"
6319,Wossen Branch,"257",true,1,1,2,2023-06-01 17:51:03.978,2,2023-07-23 16:20:42.620,"257",Addis Ababa,East Addis Ababa District,Addis Ababa,branch,6608,0.0,"175"
6321,Yeka Abado Branch,"259",true,1,1,2,2023-06-01 17:51:03.978,2,2023-07-23 16:20:42.620,"259",Addis Ababa,East Addis Ababa District,Addis Ababa,branch,6608,0.0,"176"
6353,Flamingo Branch,"293",true,1,1,2,2023-06-01 17:51:03.978,2,2023-07-23 16:20:42.620,"293",Addis Ababa,East Addis Ababa District,Addis Ababa,branch,6608,0.0,"300"
6354,Africa Avenue Branch,"294",true,1,1,2,2023-06-01 17:51:03.978,2,2023-07-23 16:20:42.620,"294",Addis Ababa,East Addis Ababa District,Addis Ababa,branch,6608,0.0,"301"
6355,Meri Loke Branch,"295",true,1,1,2,2023-06-01 17:51:03.978,2,2023-07-23 16:20:42.620,"295",Addis Ababa,East Addis Ababa District,Addis Ababa,branch,6608,0.0,"295"
6367,Goro Branch,"307",true,1,1,2,2023-06-01 17:51:03.978,2,2023-07-23 16:20:42.620,"307",Addis Ababa,East Addis Ababa District,Addis Ababa,branch,6608,0.0,"314"
6370,Figa Branch,"310",true,1,1,2,2023-06-01 17:51:03.978,2,2023-07-23 16:20:42.620,"310",Addis Ababa,East Addis Ababa District,Addis Ababa,branch,6608,0.0,"318"
6426,Balderas Branch,"367",true,1,1,2,2023-06-01 17:51:03.978,2,2023-07-23 16:20:42.620,"367",Addis Ababa,East Addis Ababa District,Addis Ababa,branch,6608,0.0,"392"
6158,Aleltu Branch,"555",true,1,1,2,2023-06-01 17:51:03.978,17119,2024-01-19 12:15:18.599,"555",Outlying,Debre Birhan Area Office,Oromia,branch,6615,0.1,"555"
6438,Kokebe Tsibah Branch,"379",true,1,1,2,2023-06-01 17:51:03.978,2,2023-07-23 16:20:42.620,"379",Addis Ababa,East Addis Ababa District,Addis Ababa,branch,6608,0.0,"402"
6235,Addisu Gebeya Branch,"174",true,1,1,2,2023-06-01 17:51:03.978,2,2023-07-23 16:20:42.620,"174",Addis Ababa,West Addis Ababa District,Addis Ababa,branch,6609,0.0,"091"
6238,Piassa Branch,"177",true,1,1,2,2023-06-01 17:51:03.978,2,2023-07-23 16:20:42.620,"177",Addis Ababa,West Addis Ababa District,Addis Ababa,branch,6609,0.0,"094"
6242,Mexico Branch,"181",true,1,1,2,2023-06-01 17:51:03.978,2,2023-07-23 16:20:42.620,"181",Addis Ababa,West Addis Ababa District,Addis Ababa,branch,6609,0.0,"098"
6544,Yohannes Branch,"484",true,1,1,2,2023-06-01 17:51:03.978,2,2023-07-23 16:20:42.620,"484",Addis Ababa,West Addis Ababa District,Addis Ababa,branch,6609,0.0,"536"
6543,Bethel Michael Branch,"483",true,1,1,2,2023-06-01 17:51:03.978,2,2023-07-23 16:20:42.620,"483",Addis Ababa,West Addis Ababa District,Addis Ababa,branch,6609,0.0,"530"
6368,Sidamo Tera Branch,"308",true,1,1,2,2023-06-01 17:51:03.978,2,2023-07-23 16:20:42.620,"308",Addis Ababa,West Addis Ababa District,Addis Ababa,branch,6609,0.0,"315"
6312,Angacha Branch,"250",true,1,1,2,2023-06-01 17:51:03.978,17119,2024-01-26 08:14:47.580,"250",Outlying,Hawassa Area Office,SNNPRS,branch,6613,0.2,"168"
6555,Hadero Branch,"496",true,1,1,2,2023-06-01 17:51:03.978,17119,2024-02-21 05:53:25.910,"496",Outlying,Hawassa Area Office,SNNPRS,branch,6613,0.2,"548"
6314,Ataye Branch,"252",true,1,1,2,2023-06-01 17:51:03.978,17119,2024-02-08 07:13:42.982,"252",Outlying,Debre Birhan Area Office,Amhara,branch,6615,0.2,"170"
6287,Asko Branch,"226",true,1,1,2,2023-06-01 17:51:03.978,2,2023-07-23 16:20:42.620,"226",Addis Ababa,West Addis Ababa District,Addis Ababa,branch,6609,0.0,"143"
6285,Gullele Finance Branch,"224",true,1,1,2,2023-06-01 17:51:03.978,2,2023-07-23 16:20:42.620,"224",Addis Ababa,West Addis Ababa District,Addis Ababa,branch,6609,0.0,"141"
6326,Sululta Branch,"265",true,1,1,2,2023-06-01 17:51:03.978,17119,2024-01-19 12:15:49.651,"265",Addis Ababa,West Addis Ababa District,Oromia,branch,6609,0.1,"183"
6351,Dil Ber Branch,"291",true,1,1,2,2023-06-01 17:51:03.978,2,2023-07-23 16:20:42.620,"291",Addis Ababa,West Addis Ababa District,Addis Ababa,branch,6609,0.0,"303"
6350,Military Tera Branch,"290",true,1,1,2,2023-06-01 17:51:03.978,2,2023-07-23 16:20:42.620,"290",Addis Ababa,West Addis Ababa District,Addis Ababa,branch,6609,0.0,"304"
6276,Alem Bank Branch,"215",true,1,1,2,2023-06-01 17:51:03.978,2,2023-07-23 16:20:42.620,"215",Addis Ababa,West Addis Ababa District,Addis Ababa,branch,6609,0.0,"132"
6174,Mehal Merkato Branch,"113",true,1,1,2,2023-06-01 17:51:03.978,2,2023-07-23 16:20:42.620,"113",Addis Ababa,West Addis Ababa District,Addis Ababa,branch,6609,0.0,
6445,Merkato Mehal Gebeya Branch,"386",true,1,1,2,2023-06-01 17:51:03.978,2,2023-07-23 16:20:42.620,"386",Addis Ababa,West Addis Ababa District,Addis Ababa,branch,6609,0.0,"416"
6453,Shema Tera Branch,"394",true,1,1,2,2023-06-01 17:51:03.978,2,2023-07-23 16:20:42.620,"394",Addis Ababa,West Addis Ababa District,Addis Ababa,branch,6609,0.0,"425"
6257,Abdi Nono Branch,"196",true,1,1,2,2023-06-01 17:51:03.978,2,2023-07-23 16:20:42.620,"196",Addis Ababa,West Addis Ababa District,Oromia,branch,6609,0.0,"113"
6280,Burayu Branch,"219",true,1,1,2,2023-06-01 17:51:03.978,2,2023-07-23 16:20:42.620,"219",Outlying,West Addis Ababa District,Oromia,branch,6609,0.0,"134"
6491,Asko Addis Sefer Branch,"432",true,1,1,2,2023-06-01 17:51:03.978,2,2023-07-23 16:20:42.620,"432",Addis Ababa,West Addis Ababa District,Addis Ababa,branch,6609,0.0,"455"
6504,Minalesh Tera Branch,"445",true,1,1,2,2023-06-01 17:51:03.978,2,2023-07-23 16:20:42.620,"445",Addis Ababa,West Addis Ababa District,Addis Ababa,branch,6609,0.0,"472"
6267,Tor Hailoch Branch,"206",true,1,1,2,2023-06-01 17:51:03.978,2,2023-07-23 16:20:42.620,"206",Addis Ababa,West Addis Ababa District,Addis Ababa,branch,6609,0.0,"123"
6318,Fiche Branch,"256",true,1,1,2,2023-06-01 17:51:03.978,2,2023-07-23 16:20:42.620,"256",Outlying,West Addis Ababa District,Oromia,branch,6609,0.1,"173"
6362,Gefersa Branch,"302",true,1,1,2,2023-06-01 17:51:03.978,2,2023-07-23 16:20:42.620,"302",Addis Ababa,West Addis Ababa District,Oromia,branch,6609,0.0,"298"
6363,Sebategna Branch,"303",true,1,1,2,2023-06-01 17:51:03.978,2,2023-07-23 16:20:42.620,"303",Addis Ababa,West Addis Ababa District,Addis Ababa,branch,6609,0.0,"310"
6207,Lideta Branch,"146",true,1,1,2,2023-06-01 17:51:03.978,2,2023-07-23 16:20:42.620,"146",Addis Ababa,West Addis Ababa District,Addis Ababa,branch,6609,0.0,"061"
6227,Gullele Branch,"166",true,1,1,2,2023-06-01 17:51:03.978,2,2023-07-23 16:20:42.620,"166",Addis Ababa,West Addis Ababa District,Addis Ababa,branch,6609,0.0,"083"
6328,Arada Giorgis Branch,"267",true,1,1,2,2023-06-01 17:51:03.978,2,2023-07-23 16:20:42.620,"267",Addis Ababa,West Addis Ababa District,Addis Ababa,branch,6609,0.0,"185"
6335,Churchil branch,"275",true,1,1,2,2023-06-01 17:51:03.978,2,2023-07-23 16:20:42.620,"275",Addis Ababa,West Addis Ababa District,Addis Ababa,branch,6609,0.0,"275"
6580,Ambo Branch,"522",true,1,1,2,2023-06-01 17:51:03.978,2,2023-07-23 16:20:42.620,"522",Outlying,West Addis Ababa District,Oromia,branch,6609,0.1,"581"
6164,Mesalemia Branch,"103",true,1,1,2,2023-06-01 17:51:03.978,2,2023-07-23 16:20:42.620,"103",Addis Ababa,West Addis Ababa District,Addis Ababa,branch,6609,0.0,"017"
6464,Abakoran Branch,"405",true,1,1,2,2023-06-01 17:51:03.978,2,2023-07-23 16:20:42.620,"405",Addis Ababa,West Addis Ababa District,Addis Ababa,branch,6609,0.0,"441"
6380,Bilal Branch,"320",true,1,1,2,2023-06-01 17:51:03.978,2,2023-07-23 16:20:42.620,"320",Addis Ababa,West Addis Ababa District,Addis Ababa,branch,6609,0.0,"331"
6365,Injibara Branch,"305",true,1,1,2,2023-06-01 17:51:03.978,2,2023-07-23 16:20:42.620,"305",Outlying,Bahir Dar District,Amhara,branch,6610,0.1,"312"
6496,Asayita Branch,"437",true,1,1,2,2023-06-01 17:51:03.978,17119,2024-02-16 08:44:36.103,"437",Outlying,Dessie District,Afar,branch,6611,0.4,"429"
6215,Togochale Branch,"154",true,1,1,2,2023-06-01 17:51:03.978,17119,2024-01-26 08:14:36.946,"154",Outlying,Adama Area Office,Somale,branch,6614,0.4,"069"
6301,Teklehaimanot Branch,"239",true,1,1,2,2023-06-01 17:51:03.978,17141,2025-06-26 05:55:36.963,"239",Addis Ababa,West Addis Ababa District,Addis Ababa,branch,6609,0.0,"157"
6494,Alemgena Branch,"203",true,1,1,2,2023-06-01 17:51:03.978,17141,2025-02-14 08:31:45.590,"203",South Addis Ababa District,South Addis Ababa District,Addis Ababa,branch,6107,0.0,"396"
6373,Girar Branch,"313",true,1,1,2,2023-06-01 17:51:03.978,2,2023-07-23 16:20:42.620,"313",Addis Ababa,West Addis Ababa District,Addis Ababa,branch,6609,0.0,"321"
6503,Yeshi Debele Branch,"444",true,1,1,2,2023-06-01 17:51:03.978,2,2023-07-23 16:20:42.620,"444",Addis Ababa,West Addis Ababa District,Addis Ababa,branch,6609,0.0,"473"
6278,Adama Arada Branch,"217",true,1,1,2,2023-06-01 17:51:03.978,2,2023-08-13 08:16:35.097,"217",Outlying,Adama Area Office,Oromia,branch,6614,0.1,"133"
6289,Assela Branch,"228",true,1,1,2,2023-06-01 17:51:03.978,2,2023-08-13 08:16:58.219,"228",Outlying,Adama Area Office,Oromia,branch,6614,0.1,"145"
6324,Mehal Ehil Berenda Branch,"263",true,1,1,2,2023-06-01 17:51:03.978,2,2023-07-23 16:20:42.620,"263",Addis Ababa,West Addis Ababa District,Addis Ababa,branch,6609,0.0,"181"
6386,Kolfe Efoyta Branch,"326",true,1,1,2,2023-06-01 17:51:03.978,2,2023-07-23 16:20:42.620,"326",Addis Ababa,West Addis Ababa District,Addis Ababa,branch,6609,0.0,"336"
6403,Autobis Tera Branch,"343",true,1,1,2,2023-06-01 17:51:03.978,2,2023-07-23 16:20:42.620,"343",Addis Ababa,West Addis Ababa District,Addis Ababa,branch,6609,0.0,"354"
6408,Dejach Wubie Branch,"348",true,1,1,2,2023-06-01 17:51:03.978,2,2023-07-23 16:20:42.620,"348",Addis Ababa,West Addis Ababa District,Addis Ababa,branch,6609,0.0,"364"
6409,Rufael Branch,"349",true,1,1,2,2023-06-01 17:51:03.978,2,2023-07-23 16:20:42.620,"349",Addis Ababa,West Addis Ababa District,Addis Ababa,branch,6609,0.0,"363"
6433,Bereka Branch,"374",true,1,1,2,2023-06-01 17:51:03.978,2,2023-07-23 16:20:42.620,"374",Addis Ababa,West Addis Ababa District,Addis Ababa,branch,6609,0.0,"403"
6275,Goma Tera Branch,"214",true,1,1,2,2023-06-01 17:51:03.978,2,2023-07-23 16:20:42.620,"214",Addis Ababa,West Addis Ababa District,Addis Ababa,branch,6609,0.0,"130"
6261,Ehil Berenda Branch,"200",true,1,1,2,2023-06-01 17:51:03.978,2,2023-07-23 16:20:42.620,"200",Addis Ababa,West Addis Ababa District,Addis Ababa,branch,6609,0.0,"116"
6230,Merab Merkato Branch,"270",true,1,1,2,2023-06-01 17:51:03.978,17119,2023-11-11 08:31:56.108,"270",Addis Ababa,West Addis Ababa District,Addis Ababa,branch,6609,0.0,"086"
6170,Habtegeorgies Branch,"109",true,1,1,2,2023-06-01 17:51:03.978,2,2023-07-23 16:20:42.620,"109",Addis Ababa,West Addis Ababa District,Addis Ababa,branch,6609,0.0,"022"
6171,Asirasimint Mazoria Branch,"110",true,1,1,2,2023-06-01 17:51:03.978,2,2023-07-23 16:20:42.620,"110",Addis Ababa,West Addis Ababa District,Addis Ababa,branch,6609,0.0,"023"
6191,Gojjam Berenda Branch,"130",true,1,1,2,2023-06-01 17:51:03.978,2,2023-07-23 16:20:42.620,"130",Addis Ababa,West Addis Ababa District,Addis Ababa,branch,6609,0.0,"043"
6272,Raguel Branch,"211",true,1,1,2,2023-06-01 17:51:03.978,2,2023-07-23 16:20:42.620,"211",Addis Ababa,West Addis Ababa District,Addis Ababa,branch,6609,0.0,"128"
6233,Kolfe Atena Tera Branch,"172",true,1,1,2,2023-06-01 17:51:03.978,2,2023-07-23 16:20:42.620,"172",Addis Ababa,West Addis Ababa District,Addis Ababa,branch,6609,0.0,"089"
6444,Leul Alemayehu Branch,"385",true,1,1,2,2023-06-01 17:51:03.978,2,2023-07-23 16:20:42.620,"385",Outlying,Bahir Dar District,Amhara,branch,6610,0.1,"401"
6234,Bahir Dar Mehal Gebeya Branch,"173",true,1,1,2,2023-06-01 17:51:03.978,2,2023-07-23 16:20:42.620,"173",Outlying,Bahir Dar District,Amhara,branch,6610,0.1,"090"
6300,Gonder Fasil Branch,"238",true,1,1,2,2023-06-01 17:51:03.978,2,2023-07-23 16:20:42.620,"238",Outlying,Bahir Dar District,Amhara,branch,6610,0.1,"156"
6325,Debark Branch,"264",true,1,1,2,2023-06-01 17:51:03.978,2,2023-07-23 16:20:42.620,"264",Outlying,Bahir Dar District,Amhara,branch,6610,0.1,"182"
6327,Maksegnit Branch,"266",true,1,1,2,2023-06-01 17:51:03.978,2,2023-07-23 16:20:42.620,"266",Outlying,Bahir Dar District,Amhara,branch,6610,0.1,"184"
6332,Dabat Branch,"272",true,1,1,2,2023-06-01 17:51:03.978,2,2023-07-23 16:20:42.620,"272",Outlying,Bahir Dar District,Amhara,branch,6610,0.1,"273"
6336,Debre Tabor Branch,"276",true,1,1,2,2023-06-01 17:51:03.978,2,2023-07-23 16:20:42.620,"276",Outlying,Bahir Dar District,Amhara,branch,6610,0.1,"276"
6369,Bahir Dar Ghion Branch,"309",true,1,1,2,2023-06-01 17:51:03.978,2,2023-07-23 16:20:42.620,"309",Outlying,Bahir Dar District,Amhara,branch,6610,0.1,"317"
6371,Shimbit Branch,"311",true,1,1,2,2023-06-01 17:51:03.978,2,2023-07-23 16:20:42.620,"311",Outlying,Bahir Dar District,Amhara,branch,6610,0.1,"319"
6374,Dangila Branch,"314",true,1,1,2,2023-06-01 17:51:03.978,2,2023-07-23 16:20:42.620,"314",Outlying,Bahir Dar District,Amhara,branch,6610,0.1,"332"
6418,Chagni Branch,"358",true,1,1,2,2023-06-01 17:51:03.978,2,2023-07-23 16:20:42.620,"358",Outlying,Bahir Dar District,Amhara,branch,6610,0.1,"370"
6209,Asossa Branch,"148",true,1,1,2,2023-06-01 17:51:03.978,17119,2024-02-08 07:17:28.037,"148",Outlying,Jimma Area Office,Benshangul Gumz,branch,6612,0.35,"064"
6263,Sosit Kutir Mazoria Branch,"202",true,1,1,2,2023-06-01 17:51:03.978,17141,2025-02-14 08:36:13.974,"202",Addis Ababa,South Addis Ababa District Office,Addis Ababa,branch,6107,0.0,"119"
6339,Sebeta Branch,"279",true,1,1,2,2023-06-01 17:51:03.978,17141,2025-02-14 08:49:22.250,"279",Addis Ababa,South Addis Ababa District Office,Oromia,branch,6107,0.1,"199"
6382,Addis Zemen Branch,"322",true,1,1,2,2023-06-01 17:51:03.978,2,2023-07-23 16:20:42.620,"322",Outlying,Bahir Dar District,Amhara,branch,6610,0.1,"324"
6383,Tilili Branch,"323",true,1,1,2,2023-06-01 17:51:03.978,2,2023-07-23 16:20:42.620,"323",Outlying,Bahir Dar District,Amhara,branch,6610,0.1,"328"
6385,Liben Branch,"325",true,1,1,2,2023-06-01 17:51:03.978,2,2023-07-23 16:20:42.620,"325",Outlying,Bahir Dar District,Amhara,branch,6610,0.1,"335"
6402,Bahir Dar Gish Abay Branch,"342",true,1,1,2,2023-06-01 17:51:03.978,2,2023-07-23 16:20:42.620,"342",Outlying,Bahir Dar District,Amhara,branch,6610,0.1,"353"
6411,Jawi Branch,"351",true,1,1,2,2023-06-01 17:51:03.978,2,2023-07-23 16:20:42.620,"351",Outlying,Bahir Dar District,Amhara,branch,6610,0.3,"362"
6419,Hamusit Branch,"360",true,1,1,2,2023-06-01 17:51:03.978,2,2023-07-23 16:20:42.620,"360",Outlying,Bahir Dar District,Amhara,branch,6610,0.1,"377"
6372,Gofa Camp Branch,"312",true,1,1,2,2023-06-01 17:51:03.978,19647,2024-05-23 12:23:56.170,"312",Addis Ababa,South Addis Ababa District,Addis Ababa,branch,6107,0.0,"320"
6420,Estie Branch,"361",true,1,1,2,2023-06-01 17:51:03.978,2,2023-07-23 16:20:42.620,"361",Outlying,Bahir Dar District,Amhara,branch,6610,0.1,"376"
6428,Gonder Maraki Branch,"369",true,1,1,2,2023-06-01 17:51:03.978,2,2023-07-23 16:20:42.620,"369",Outlying,Bahir Dar District,Amhara,branch,6610,0.1,"378"
6381,Addis Kidam Branch,"321",true,1,1,2,2023-06-01 17:51:03.978,2,2023-07-23 16:20:42.620,"321",Outlying,Bahir Dar District,Amhara,branch,6610,0.1,"323"
6195,Bahir Dar Belay Zeleke Branch,"134",true,1,1,2,2023-06-01 17:51:03.978,2,2023-07-23 16:20:42.620,"134",Outlying,Bahir Dar District,Amhara,branch,6610,0.1,"048"
6175,Gonder Branch,"114",true,1,1,2,2023-06-01 17:51:03.978,2,2023-07-23 16:20:42.620,"114",Outlying,Bahir Dar District,Amhara,branch,6610,0.1,"027"
6168,Bahir Dar Branch,"107",true,1,1,2,2023-06-01 17:51:03.978,2,2023-07-23 16:20:42.620,"107",Outlying,Bahir Dar District,Amhara,branch,6610,0.1,"021"
6440,Dur Betie Branch,"381",true,1,1,2,2023-06-01 17:51:03.978,2,2023-07-23 16:20:42.620,"381",Outlying,Bahir Dar District,Amhara,branch,6610,0.1,"400"
6214,Woreta Branch,"153",true,1,1,2,2023-06-01 17:51:03.978,2,2023-07-23 16:20:42.620,"153",Outlying,Bahir Dar District,Amhara,branch,6610,0.1,"067"
6468,Nefas Mewucha Branch,"409",true,1,1,2,2023-06-01 17:51:03.978,2,2023-07-23 16:20:42.620,"409",Outlying,Bahir Dar District,Amhara,branch,6610,0.1,"424"
6521,Quara Branch,"462",true,1,1,2,2023-06-01 17:51:03.978,2,2023-07-23 16:20:42.620,"462",Outlying,Bahir Dar District,Amhara,branch,6610,0.3,"501"
6530,Azezo Branch,"470",true,1,1,2,2023-06-01 17:51:03.978,2,2023-07-23 16:20:42.620,"470",Outlying,Bahir Dar District,Amhara,branch,6610,0.1,"525"
6536,Anadabet Branch,"476",true,1,1,2,2023-06-01 17:51:03.978,2,2023-07-23 16:20:42.620,"476",Outlying,Bahir Dar District,Amhara,branch,6610,0.1,"520"
6297,Bahir Dar Tana Branch,"235",true,1,1,2,2023-06-01 17:51:03.978,2,2023-07-23 16:20:42.620,"235",Outlying,Bahir Dar District,Amhara,branch,6610,0.1,"153"
6271,Adet Branch,"210",true,1,1,2,2023-06-01 17:51:03.978,2,2023-07-23 16:20:42.620,"210",Outlying,Bahir Dar District,Amhara,branch,6610,0.1,"126"
6579,Midre Genet Branch,"521",true,1,1,2,2023-06-01 17:51:03.978,2,2023-07-23 16:20:42.620,"521",Outlying,Bahir Dar District,Amhara,branch,6610,0.1,"576"
6572,Delgi Branch,"514",true,1,1,2,2023-06-01 17:51:03.978,2,2023-07-23 16:20:42.620,"514",Outlying,Bahir Dar District,Amhara,branch,6610,0.1,"524"
6568,Zigem Branch,"510",true,1,1,2,2023-06-01 17:51:03.978,2,2023-07-23 16:20:42.620,"510",Outlying,Bahir Dar District,Amhara,branch,6610,0.1,"517"
6547,Addis Alem Branch,"487",true,1,1,2,2023-06-01 17:51:03.978,2,2023-07-23 16:20:42.620,"487",Outlying,Bahir Dar District,Amhara,branch,6610,0.1,"468"
6537,Simada Branch,"477",true,1,1,2,2023-06-01 17:51:03.978,2,2023-07-23 16:20:42.620,"477",Outlying,Bahir Dar District,Amhara,branch,6610,0.1,"526"
6514,Koga Branch,"455",true,1,1,2,2023-06-01 17:51:03.978,2,2023-07-23 16:20:42.620,"455",Outlying,Bahir Dar District,Amhara,branch,6610,0.1,"467"
6513,Kidane Mihret Branch,"454",true,1,1,2,2023-06-01 17:51:03.978,2,2023-07-23 16:20:42.620,"454",Outlying,Bahir Dar District,Amhara,branch,6610,0.1,"469"
6490,Blue Nile Branch,"431",true,1,1,2,2023-06-01 17:51:03.978,2,2023-07-23 16:20:42.620,"431",Outlying,Bahir Dar District,Amhara,branch,6610,0.1,"456"
6484,Aba Fasilo Branch,"425",true,1,1,2,2023-06-01 17:51:03.978,2,2023-07-23 16:20:42.620,"425",Outlying,Bahir Dar District,Amhara,branch,6610,0.1,"422"
6454,Etegie Tayitu Branch,"395",true,1,1,2,2023-06-01 17:51:03.978,2,2023-07-23 16:20:42.620,"395",Outlying,Bahir Dar District,Amhara,branch,6610,0.1,"423"
6447,Quarit Branch,"388",true,1,1,2,2023-06-01 17:51:03.978,2,2023-07-23 16:20:42.620,"388",Outlying,Bahir Dar District,Amhara,branch,6610,0.1,"417"
6435,Shahura Branch,"376",true,1,1,2,2023-06-01 17:51:03.978,2,2023-07-23 16:20:42.620,"376",Outlying,Bahir Dar District,Amhara,branch,6610,0.1,"398"
6185,Dessie Branch,"124",true,1,1,2,2023-06-01 17:51:03.978,2,2023-07-23 16:20:42.620,"124",Outlying,Dessie District,Amhara,branch,6611,0.1,"037"
6389,Harbu Branch,"329",true,1,1,2,2023-06-01 17:51:03.978,2,2023-07-23 16:20:42.620,"329",Outlying,Dessie District,Amhara,branch,6611,0.1,"339"
6388,Dessie Buanbua Wuha Branch,"328",true,1,1,2,2023-06-01 17:51:03.978,2,2023-07-23 16:20:42.620,"328",Outlying,Dessie District,Amhara,branch,6611,0.1,"338"
6501,Yogof Branch,"442",true,1,1,2,2023-06-01 17:51:03.978,2,2023-07-23 16:20:42.620,"442",Outlying,Dessie District,Amhara,branch,6611,0.1,"463"
6462,Liguama Branch,"403",true,1,1,2,2023-06-01 17:51:03.978,2,2023-07-23 16:20:42.620,"403",Outlying,Dessie District,Amhara,branch,6611,0.1,"428"
6472,Mekane Selam Branch,"413",true,1,1,2,2023-06-01 17:51:03.978,2,2023-07-23 16:20:42.620,"413",Outlying,Dessie District,Amhara,branch,6611,0.1,"449"
6225,Sekota Branch,"164",true,1,1,2,2023-06-01 17:51:03.978,2,2023-07-23 16:20:42.620,"164",Outlying,Dessie District,Amhara,branch,6611,0.1,"081"
6564,Mille Branch,"506",true,1,1,2,2023-06-01 17:51:03.978,17119,2024-02-16 08:45:09.741,"506",Outlying,Dessie District,Afar,branch,6611,0.4,"562"
6519,Mehal Genet Branch,"460",false,1,1,2,2023-06-01 17:51:03.978,2,2024-08-20 15:38:28.420,"460",Outlying,Bahir Dar District,Amhara,branch,6610,0.1,"471"
6292,Kombolcha Branch,"231",true,1,1,2,2023-06-01 17:51:03.978,2,2023-07-23 16:20:42.620,"231",Outlying,Dessie District,Amhara,branch,6611,0.1,"149"
6302,Gobye Branch,"240",true,1,1,2,2023-06-01 17:51:03.978,2,2023-07-23 16:20:42.620,"240",Outlying,Dessie District,Amhara,branch,6611,0.1,"158"
6522,Merho Gibi Branch,"463",true,1,1,2,2023-06-01 17:51:03.978,2,2023-07-23 16:20:42.620,"463",Outlying,Dessie District,Amhara,branch,6611,0.1,"465"
6526,Kemissie Branch,"466",true,1,1,2,2023-06-01 17:51:03.978,2,2023-07-23 16:20:42.620,"466",Outlying,Dessie District,Amhara,branch,6611,0.1,"507"
6528,Bati Branch,"468",true,1,1,2,2023-06-01 17:51:03.978,2,2023-07-23 16:20:42.620,"468",Outlying,Dessie District,Amhara,branch,6611,0.1,"509"
6541,Jama Degolo Branch,"481",true,1,1,2,2023-06-01 17:51:03.978,2,2023-07-23 16:20:42.620,"481",Outlying,Dessie District,Amhara,branch,6611,0.1,"533"
6563,Mugad Branch,"505",true,1,1,2,2023-06-01 17:51:03.978,2,2023-07-23 16:20:42.620,"505",Outlying,Dessie District,Amhara,branch,6611,0.1,"479"
6565,Gerado Branch,"507",true,1,1,2,2023-06-01 17:51:03.978,2,2023-07-23 16:20:42.620,"507",Outlying,Dessie District,Amhara,branch,6611,0.1,"559"
6309,Wuchale Branch,"247",true,1,1,2,2023-06-01 17:51:03.978,2,2023-07-23 16:20:42.620,"247",Outlying,Dessie District,Amhara,branch,6611,0.1,"165"
6310,Mersa Branch,"248",true,1,1,2,2023-06-01 17:51:03.978,17129,2024-03-22 07:44:05.038,"248",Outlying,Dessie District,Amhara,branch,6611,0.15,"166"
6567,Sanja Branch,"509",true,1,1,2,2023-06-01 17:51:03.978,2,2023-07-23 16:20:42.620,"509",Outlying,Bahir Dar District,Amhara,branch,6610,0.3,"502"
6461,Tulu Awolia Branch,"402",true,1,1,2,2023-06-01 17:51:03.978,20410,2024-01-15 14:57:00.009,"402",Outlying,Dessie District,Amhara,branch,6611,0.15,"436"
6500,Tirtira Branch,"441",true,1,1,2,2023-06-01 17:51:03.978,2,2023-07-23 16:20:42.620,"441",Outlying,Dessie District,Amhara,branch,6611,0.1,"482"
6499,Lakomenza Branch,"440",true,1,1,2,2023-06-01 17:51:03.978,2,2023-07-23 16:20:42.620,"440",Outlying,Dessie District,Amhara,branch,6611,0.1,"464"
6290,Logia Branch,"229",true,1,1,2,2023-06-01 17:51:03.978,17119,2024-02-08 07:14:28.974,"229",Outlying,Dessie District,Afar,branch,6611,0.4,"146"
6216,Woldia Branch,"155",true,1,1,2,2023-06-01 17:51:03.978,2,2023-07-23 16:20:42.620,"155",Outlying,Dessie District,Amhara,branch,6611,0.1,"074"
6250,Dessie Tossa Branch,"189",true,1,1,2,2023-06-01 17:51:03.978,2,2023-07-23 16:20:42.620,"189",Outlying,Dessie District,Amhara,branch,6611,0.1,"106"
11492,Srinka Branch,"443",true,1,1,2,2023-10-06 06:22:56.367,2,2023-12-23 11:58:30.080,"443",,Dessie District,,branch,6611,0.1,
6602,Chifra Branch,"547",true,1,1,2,2023-06-01 17:51:03.978,17119,2024-02-16 08:44:53.190,"547",Outlying,Dessie District,Afar,branch,6611,0.4,"599"
11491,Semera Branch,"570",true,1,1,2,2023-10-06 06:21:18.367,17119,2024-02-16 08:45:28.037,"570",,Dessie District,Afar,branch,6611,0.4,
6460,Wogdi Branch,"401",true,1,1,2,2023-06-01 17:51:03.978,2,2023-07-23 16:20:42.620,"401",Outlying,Dessie District,Amhara,branch,6611,0.1,"427"
6588,Gibe Branch,"530",true,1,1,2,2023-06-01 17:51:03.978,2,2023-07-23 16:20:42.620,"530",Outlying,Jimma Area Office,Oromia,branch,6612,0.1,"582"
6596,Limmu Branch,"538",true,1,1,2,2023-06-01 17:51:03.978,2,2023-07-23 16:20:42.620,"538",Outlying,Jimma Area Office,Oromia,branch,6612,0.1,"577"
11510,Chora Branch,"576",true,1,1,2,2023-11-08 15:27:09.720,2,2023-12-23 11:36:58.184,"576",,Jimma Area Office,,branch,6612,0.1,
11521,Dima Branch,"578",true,1,1,2,2023-12-04 04:23:17.187,2,2024-02-22 13:49:27.138,"578",,Jimma Area Office,,branch,6612,0.4,
6296,Gambella New Land Branch,"234",true,1,1,2,2023-06-01 17:51:03.978,17119,2024-02-08 07:17:51.589,"234",Outlying,Jimma Area Office,Gambella,branch,6612,0.4,"152"
6518,Aman Branch,"459",true,1,1,2,2023-06-01 17:51:03.978,2,2023-07-23 16:20:42.620,"459",Outlying,Jimma Area Office,SWEPRS,branch,6612,0.1,"477"
6520,Hermata Branch,"461",true,1,1,2,2023-06-01 17:51:03.978,2,2023-07-23 16:20:42.620,"461",Outlying,Jimma Area Office,Oromia,branch,6612,0.1,"474"
6436,Teppi Branch,"377",true,1,1,2,2023-06-01 17:51:03.978,2,2023-07-23 16:20:42.620,"377",Outlying,Jimma Area Office,SWEPRS,branch,6612,0.1,"394"
6431,Mizan Teferi Branch,"372",true,1,1,2,2023-06-01 17:51:03.978,2,2023-07-23 16:20:42.620,"372",Outlying,Jimma Area Office,SWEPRS,branch,6612,0.1,"395"
6179,Jimma Branch,"118",true,1,1,2,2023-06-01 17:51:03.978,2,2023-07-23 16:20:42.620,"118",Outlying,Jimma Area Office,Oromia,branch,6612,0.1,"177"
6492,Bedelle Branch,"433",true,1,1,2,2023-06-01 17:51:03.978,2,2023-07-23 16:20:42.620,"433",Outlying,Jimma Area Office,Oromia,branch,6612,0.1,"458"
6294,Nejo Branch,"232",true,1,1,2,2023-06-01 17:51:03.978,2,2023-07-23 16:20:42.620,"232",Outlying,Jimma Area Office,Oromia,branch,6612,0.1,"150"
6517,Metti Branch,"458",true,1,1,2,2023-06-01 17:51:03.978,2,2023-07-23 16:20:42.620,"458",Outlying,Jimma Area Office,GambelIa,branch,6612,0.1,"478"
6223,Bonga Branch,"162",true,1,1,2,2023-06-01 17:51:03.978,2,2023-07-23 16:20:42.620,"162",Outlying,Jimma Area Office,SWEPRS,branch,6612,0.1,"078"
11536,Agaro Branch,"435",true,1,1,2,2023-12-20 13:07:57.539,2,2023-12-23 11:34:37.043,"435",,Jimma Area Office,,branch,6612,0.1,
6320,Jimma Abajifar Branch,"258",true,1,1,2,2023-06-01 17:51:03.978,2,2023-07-23 16:20:42.620,"258",Outlying,Jimma Area Office,Oromia,branch,6612,0.1,"177"
6184,Gambella Branch,"123",true,1,1,2,2023-06-01 17:51:03.978,17119,2024-02-08 07:17:45.589,"123",Outlying,Jimma Area Office,Gambella,branch,6612,0.4,"036"
6598,Sherf Tera Branch,"540",true,1,1,2,2023-06-01 17:51:03.978,2,2024-08-21 10:50:38.736,"540",Outlying,Dessie District,Amhara,branch,6611,0.1,
6540,Kelela Branch,"480",true,1,1,2,2023-06-01 17:51:03.978,23375,2024-08-23 06:53:32.512,"480",Outlying,Dessie District,Amhara,branch,6611,0.1,"535"
6211,Anger Guttin Branch,"150",true,1,1,2,2023-06-01 17:51:03.978,17135,2025-02-18 11:00:02.897,"150",Outlying,Jimma Area Office,Oromia,branch,6612,0.2,
6192,Kobo Robit Branch,"131",true,1,1,2,2023-06-01 17:51:03.978,21403,2025-05-07 13:48:19.165,"131",Outlying,Dessie District,Amhara,branch,6611,0.1,
6600,Woreilu Branch,"544",true,1,1,2,2023-06-01 17:51:03.978,2,2023-07-23 16:20:42.620,"544",Outlying,Dessie District,Amhara,branch,6611,0.1,"510"
6605,Lalibela Branch,"550",true,1,1,2,2023-06-01 17:51:03.978,2,2023-07-23 16:20:42.620,"550",Outlying,Dessie District,Amhara,branch,6611,0.1,"601"
6437,Metu Branch,"378",true,1,1,2,2023-06-01 17:51:03.978,2,2023-07-23 16:20:42.620,"378",Outlying,Jimma Area Office,Oromia,branch,6612,0.1,"393"
6323,Damboya Branch,"261",true,1,1,2,2023-06-01 17:51:03.978,17119,2024-02-08 07:14:57.938,"261",Outlying,Hawassa Area Office,SNNPRS,branch,6613,0.2,"179"
6477,Butajira Branch,"418",true,1,1,2,2023-06-01 17:51:03.978,17119,2024-02-21 05:52:56.734,"418",Outlying,Hawassa Area Office,SNNPRS,branch,6613,0.15,"443"
11511,Kersa Branch,"573",true,1,1,2,2023-11-08 15:32:20.825,2,2023-12-23 11:47:56.220,"573",,Adama Area Office,,branch,6614,0.1,
6220,Wollo Sefer Branch,"159",true,1,1,2,2023-06-01 17:51:03.978,2,2023-07-23 16:20:42.620,"159",Addis Ababa,South Addis Ababa District,Addis Ababa,branch,6107,0.0,"076"
6229,Kality Branch,"168",true,1,1,2,2023-06-01 17:51:03.978,2,2023-07-23 16:20:42.620,"168",Addis Ababa,South Addis Ababa District,Addis Ababa,branch,6107,0.0,"085"
6231,Meskel Flower Branch,"170",true,1,1,2,2023-06-01 17:51:03.978,2,2023-07-23 16:20:42.620,"170",Addis Ababa,South Addis Ababa District,Addis Ababa,branch,6107,0.0,"087"
6197,Debre Markos Branch,"136",true,1,1,2,2023-06-01 17:51:03.978,2,2023-07-23 16:20:42.620,"136",Outlying,Debre Markos Area Office,Amhara,branch,6120,0.1,"049"
6200,Dejen Branch,"139",true,1,1,2,2023-06-01 17:51:03.978,2,2023-07-23 16:20:42.620,"139",Outlying,Debre Markos Area Office,Amhara,branch,6120,0.1,"055"
6217,Korem Branch,"156",true,1,1,2,2023-06-01 17:51:03.978,2,2023-07-23 16:20:42.620,"156",Outlying,Mekele District,Tigray,branch,6607,0.1,"073"
6291,Kera Branch,"230",true,1,1,2,2023-06-01 17:51:03.978,2,2023-07-23 16:20:42.620,"230",Addis Ababa,South Addis Ababa District,Addis Ababa,branch,6107,0.0,"148"
6245,Lebu Branch,"184",true,1,1,2,2023-06-01 17:51:03.978,2,2023-07-23 16:20:42.620,"184",Addis Ababa,South Addis Ababa District,Addis Ababa,branch,6107,0.0,"101"
6277,Hanamariam Branch,"216",true,1,1,2,2023-06-01 17:51:03.978,2,2023-07-23 16:20:42.620,"216",Addis Ababa,South Addis Ababa District,Addis Ababa,branch,6107,0.0,"137"
6279,Bole Bulbula Branch,"218",true,1,1,2,2023-06-01 17:51:03.978,2,2023-07-23 16:20:42.620,"218",Addis Ababa,South Addis Ababa District,Addis Ababa,branch,6107,0.0,"136"
6248,Lafto Branch,"187",true,1,1,2,2023-06-01 17:51:03.978,2,2023-07-23 16:20:42.620,"187",Addis Ababa,South Addis Ababa District,Addis Ababa,branch,6107,0.0,"104"
6311,Mekanisa Abo Branch,"249",true,1,1,2,2023-06-01 17:51:03.978,2,2023-07-23 16:20:42.620,"249",Addis Ababa,South Addis Ababa District,Addis Ababa,branch,6107,0.0,"167"
6334,Kirkos Branch,"274",true,1,1,2,2023-06-01 17:51:03.978,2,2023-07-23 16:20:42.620,"274",Addis Ababa,South Addis Ababa District,Addis Ababa,branch,6107,0.0,"209"
6510,Gofa Mebrat Branch,"451",true,1,1,2,2023-06-01 17:51:03.978,18771,2024-05-25 10:27:39.366,"451",Addis Ababa,South Addis Ababa District,Addis Ababa,branch,6107,0.0,"497"
6337,Stadium Branch,"277",true,1,1,2,2023-06-01 17:51:03.978,2,2023-07-23 16:20:42.620,"277",Addis Ababa,South Addis Ababa District,Addis Ababa,branch,6107,0.0,"203"
6338,Furi Branch,"278",true,1,1,2,2023-06-01 17:51:03.978,2,2023-07-23 16:20:42.620,"278",Addis Ababa,South Addis Ababa District,Oromia,branch,6107,0.0,"202"
6340,Lafto Mebrat Hail Branch,"280",true,1,1,2,2023-06-01 17:51:03.978,2,2023-07-23 16:20:42.620,"280",Addis Ababa,South Addis Ababa District,Addis Ababa,branch,6107,0.0,"287"
6342,Ayer Tena 05 Branch,"282",true,1,1,2,2023-06-01 17:51:03.978,2,2023-07-23 16:20:42.620,"282",Addis Ababa,South Addis Ababa District,Addis Ababa,branch,6107,0.0,"282"
6343,Saris Addis Sefer Branch,"283",true,1,1,2,2023-06-01 17:51:03.978,2,2023-07-23 16:20:42.620,"283",Addis Ababa,South Addis Ababa District,Addis Ababa,branch,6107,0.0,"288"
6451,Kera Bulgaria Branch,"392",true,1,1,2,2023-06-01 17:51:03.978,2,2023-07-23 16:20:42.620,"392",Addis Ababa,South Addis Ababa District,Addis Ababa,branch,6107,0.0,"406"
6509,Tulu Dimtu Square Branch,"450",true,1,1,2,2023-06-01 17:51:03.978,2,2023-07-23 16:20:42.620,"450",Addis Ababa,South Addis Ababa District,Addis Ababa,branch,6107,0.0,"495"
6512,Hayik Branch,"453",true,1,1,2,2023-06-01 17:51:03.978,2,2023-07-23 16:20:42.620,"453",Outlying,Dessie District,Amhara,branch,6611,0.1,"481"
6180,Hawassa Branch,"119",true,1,1,2,2023-06-01 17:51:03.978,2,2023-07-23 16:20:42.620,"119",Outlying,Hawassa Area Office,Sidama ,branch,6613,0.1,"032"
6176,Hossaena Branch,"115",true,1,1,2,2023-06-01 17:51:03.978,2,2023-07-23 16:20:42.620,"115",Outlying,Hawassa Area Office,SNNPRS,branch,6613,0.1,"028"
6606,Yabelo Branch,"551",true,1,1,2,2023-06-01 17:51:03.978,17119,2024-02-21 05:54:28.942,"551",Outlying,Hawassa Area Office,Oromia,branch,6613,0.3,"613"
6427,Durame Branch,"368",true,1,1,2,2023-06-01 17:51:03.978,2,2023-07-23 16:20:42.620,"368",Outlying,Hawassa Area Office,SNNPRS,branch,6613,0.1,"381"
6432,Dilla Branch,"373",true,1,1,2,2023-06-01 17:51:03.978,2,2023-07-23 16:20:42.620,"373",Outlying,Hawassa Area Office,SNNPRS,branch,6613,0.1,"382"
6476,Hossaena Menaheria Branch,"417",true,1,1,2,2023-06-01 17:51:03.978,2,2023-07-23 16:20:42.620,"417",Outlying,Hawassa Area Office,SNNPRS,branch,6613,0.1,"442"
6441,Yirgachefie Branch,"382",true,1,1,2,2023-06-01 17:51:03.978,2,2023-07-23 16:20:42.620,"382",Outlying,Hawassa Area Office,SNNPRS,branch,6613,0.1,"380"
6531,Yela Sawla Branch,"471",true,1,1,2,2023-06-01 17:51:03.978,17119,2024-03-04 10:22:36.503,"471",Outlying,Hawassa Area Office,SNNPRS,branch,6613,0.2,"490"
6551,Hawassa Arab Sefer Branch,"492",true,1,1,2,2023-06-01 17:51:03.978,2,2023-07-23 16:20:42.620,"492",Outlying,Hawassa Area Office,Sidama ,branch,6613,0.1,"493"
6553,Dodola Branch,"494",true,1,1,2,2023-06-01 17:51:03.978,2,2023-07-23 16:20:42.620,"494",Outlying,Hawassa Area Office,Oromia,branch,6613,0.1,"551"
6554,Doyogena Branch,"495",true,1,1,2,2023-06-01 17:51:03.978,17119,2024-02-21 05:53:11.796,"495",Outlying,Hawassa Area Office,SNNPRS,branch,6613,0.2,"550"
6556,Shinshicho Branch,"497",true,1,1,2,2023-06-01 17:51:03.978,17119,2024-02-21 05:54:03.798,"497",Outlying,Hawassa Area Office,SNNPRS,branch,6613,0.2,"549"
6552,Shone Branch,"493",true,1,1,2,2023-06-01 17:51:03.978,17119,2024-02-21 05:54:17.801,"493",Outlying,Hawassa Area Office,SNNPRS,branch,6613,0.2,"547"
6591,Hawassa Meneharia Branch,"533",true,1,1,2,2023-06-01 17:51:03.978,2,2023-07-23 16:20:42.620,"533",Outlying,Hawassa Area Office,Sidama,branch,6613,0.1,"590"
6592,Sofumer Branch,"534",true,1,1,2,2023-06-01 17:51:03.978,2,2023-07-23 16:20:42.620,"534",Outlying,Hawassa Area Office,Oromia,branch,6613,0.1,"492"
6199,Moyale Branch,"138",true,1,1,2,2023-06-01 17:51:03.978,2,2023-07-23 16:20:42.620,"138",Outlying,Hawassa Area Office,Somale,branch,6613,0.35,"052"
6198,Hawassa Tabor Branch,"137",true,1,1,2,2023-06-01 17:51:03.978,2,2023-07-23 16:20:42.620,"137",Outlying,Hawassa Area Office,Sidama ,branch,6613,0.1,"050"
6189,Halaba Branch,"128",true,1,1,2,2023-06-01 17:51:03.978,2,2023-07-23 16:20:42.620,"128",Outlying,Hawassa Area Office,SNNPRS,branch,6613,0.1,"042"
6190,Bale Robe Branch,"129",true,1,1,2,2023-06-01 17:51:03.978,2,2023-07-23 16:20:42.620,"129",Outlying,Hawassa Area Office,Oromia,branch,6613,0.1,"040"
6193,Shashemene Arada Branch,"132",true,1,1,2,2023-06-01 17:51:03.978,2,2023-07-23 16:20:42.620,"132",Outlying,Hawassa Area Office,Oromia,branch,6613,0.1,"045"
6194,Yirgalem Branch,"133",true,1,1,2,2023-06-01 17:51:03.978,2,2023-07-23 16:20:42.620,"133",Outlying,Hawassa Area Office,Sidama ,branch,6613,0.1,"047"
6585,Areka Branch,"527",true,1,1,2,2023-06-01 17:51:03.978,17119,2024-02-21 05:52:45.427,"527",Outlying,Hawassa Area Office,SNNPRS,branch,6613,0.2,"580"
6330,Hossaena Gombora Branch,"269",true,1,1,2,2023-06-01 17:51:03.978,2,2023-07-23 16:20:42.620,"269",Outlying,Hawassa Area Office,SNNPRS,branch,6613,0.1,"189"
6482,Meki Branch,"423",true,1,1,2,2023-06-01 17:51:03.978,17119,2024-01-19 10:16:51.401,"423",Outlying,Adama Area Office,Oromia,branch,6614,0.1,"444"
6479,Adama Boku Branch,"420",true,1,1,2,2023-06-01 17:51:03.978,2,2023-07-23 16:20:42.620,"420",Outlying,Adama Area Office,Oromia,branch,6614,0.1,"446"
6483,Huruta Branch,"424",true,1,1,2,2023-06-01 17:51:03.978,2,2023-07-23 16:20:42.620,"424",Outlying,Adama Area Office,Oromia,branch,6614,0.1,"445"
6539,Wonji Mazoria Branch,"479",true,1,1,2,2023-06-01 17:51:03.978,2,2023-07-23 16:20:42.620,"479",Outlying,Adama Area Office,Oromia,branch,6614,0.1,"528"
11515,Abageda Branch,"571",true,1,1,2,2023-11-13 07:28:54.579,2,2023-12-23 11:30:22.972,"571",,Adama Area Office,,branch,6614,0.1,"571"
6599,Eteya branch,"542",true,1,1,2,2023-06-01 17:51:03.978,2,2023-12-23 11:42:48.441,"542",Outlying,Adama Area Office,Oromia,branch,6614,0.1,"606"
6581,Adama Sekekelo Branch,"523",true,1,1,2,2023-06-01 17:51:03.978,2,2023-07-23 16:20:42.620,"523",Outlying,Adama Area Office,Oromia,branch,6614,0.1,"537"
6576,Arsi Sire Branch,"518",true,1,1,2,2023-06-01 17:51:03.978,2,2023-07-23 16:20:42.620,"518",Outlying,Adama Area Office,Oromia,branch,6614,0.1,"545"
6573,Sagure Branch,"515",true,1,1,2,2023-06-01 17:51:03.978,2,2023-07-23 16:20:42.620,"515",Outlying,Adama Area Office,Oromia,branch,6614,0.1,"546"
6548,Adama Lugo Branch,"488",true,1,1,2,2023-06-01 17:51:03.978,2,2023-07-23 16:20:42.620,"488",Outlying,Adama Area Office,Oromia,branch,6614,0.1,"542"
6546,Chiro Branch,"486",true,1,1,2,2023-06-01 17:51:03.978,2,2023-07-23 16:20:42.620,"486",Outlying,Adama Area Office,Oromia,branch,6614,0.1,"529"
6486,Adama Boset Branch,"427",true,1,1,2,2023-06-01 17:51:03.978,2,2023-07-23 16:20:42.620,"427",Outlying,Adama Area Office,Oromia,branch,6614,0.1,"447"
6574,Awash 7 Kilo Branch,"516",true,1,1,2,2023-06-01 17:51:03.978,20410,2024-01-15 14:55:52.047,"516",Outlying,Adama Area Office,Afar,branch,6614,0.35,"544"
6534,Adea Branch,"474",true,1,1,2,2023-06-01 17:51:03.978,17141,2025-02-14 08:36:51.617,"474",Adama Area Office,Adama Area Office,Oromia,branch,6614,0.1,"491"
6577,Jati Branch,"519",true,1,1,2,2023-06-01 17:51:03.978,2,2023-07-23 16:20:42.620,"519",Outlying,South Addis Ababa District,Oromia,branch,6107,0.0,"554"
6562,Lafto View Branch,"504",true,1,1,2,2023-06-01 17:51:03.978,2,2023-07-23 16:20:42.620,"504",Addis Ababa,South Addis Ababa District,Addis Ababa,branch,6107,0.0,"553"
6561,Varnero Branch,"503",true,1,1,2,2023-06-01 17:51:03.978,2,2023-07-23 16:20:42.620,"503",Addis Ababa,South Addis Ababa District,Addis Ababa,branch,6107,0.0,"552"
6558,Sar Bet Branch,"499",true,1,1,2,2023-06-01 17:51:03.978,2,2023-07-23 16:20:42.620,"499",Addis Ababa,South Addis Ababa District,Addis Ababa,branch,6107,0.0,"555"
6166,Adama Branch,"105",true,1,1,2,2023-06-01 17:51:03.978,2,2023-07-23 16:20:42.620,"105",Outlying,Adama Area Office,Oromia,branch,6614,0.1,"019"
6128,Chilalo Branch,"561",true,1,1,2,2023-06-01 17:51:03.978,2,2023-12-23 11:36:30.458,"561",Outlying,Adama Area Office,Oromia,branch,6614,0.1,"561"
6538,Molale Branch,"478",true,1,1,2,2023-06-01 17:51:03.978,2,2023-07-23 16:20:42.620,"478",Outlying,Debre Birhan Area Office,Amhara,branch,6615,0.1,"484"
6535,Debre Berhan Kidus Giorgies Branch,"475",true,1,1,2,2023-06-01 17:51:03.978,2,2023-07-23 16:20:42.620,"475",Outlying,Debre Birhan Area Office,Amhara,branch,6615,0.1,"505"
6412,Yifat Branch,"352",true,1,1,2,2023-06-01 17:51:03.978,17119,2024-02-02 06:42:02.591,"352",Outlying,Debre Birhan Area Office,Amhara,branch,6615,0.2,"367"
6550,Metehbila Branch,"491",true,1,1,2,2023-06-01 17:51:03.978,20410,2024-01-15 14:55:38.304,"491",Outlying,Debre Birhan Area Office,Amhara,branch,6615,0.2,"506"
6506,Alem Ketema Branch,"447",true,1,1,2,2023-06-01 17:51:03.978,2,2023-07-23 16:20:42.620,"447",Outlying,Debre Birhan Area Office,Amhara,branch,6615,0.1,"483"
11435,Kheyir Branch,"559",false,1,1,2,2023-06-30 06:36:14.728,2,2024-02-20 14:22:23.212,"559",,Debre Birhan Area Office,,branch,6615,0.2,"568"
11497,Abageda Branch,"571",false,1,1,2,2023-10-06 06:48:07.718,17141,2025-07-15 06:02:14.519,"571",,Adama Area Office,,branch,6614,0.1,
6508,Mendida Branch,"449",true,1,1,2,2023-06-01 17:51:03.978,2,2023-07-23 16:20:42.620,"449",Outlying,Debre Birhan Area Office,Oromia,branch,6615,0.1,"487"
6557,Terie Branch,"498",true,1,1,2,2023-06-01 17:51:03.978,17119,2024-02-20 11:03:05.832,"498",Outlying,Debre Birhan Area Office,Amhara,branch,6615,0.2,"511"
6125,Wogere Branch,"566",true,1,1,2,2023-06-01 17:51:03.978,2,2023-12-23 11:59:38.623,"566",Outlying,Debre Birhan Area Office,Amhara,branch,6615,0.1,"566"
6341,Debre Eba Branch,"281",true,1,1,2,2023-06-01 17:51:03.978,2,2023-07-23 16:20:42.620,"281",Outlying,Debre Birhan Area Office,Amhara,branch,6615,0.1,"290"
6396,Atse Zereyaekob Branch,"336",true,1,1,2,2023-06-01 17:51:03.978,2,2023-07-23 16:20:42.620,"336",Outlying,Debre Birhan Area Office,Amhara,branch,6615,0.1,"342"
6394,Sela Dingay Branch,"334",true,1,1,2,2023-06-01 17:51:03.978,2,2023-07-23 16:20:42.620,"334",Outlying,Debre Birhan Area Office,Amhara,branch,6615,0.1,"349"
6583,Rasa Branch,"525",true,1,1,2,2023-06-01 17:51:03.978,17119,2024-02-20 11:02:50.433,"525",Outlying,Debre Birhan Area Office,Amhara,branch,6615,0.2,"570"
6485,DAGA ESTIFANOS,"426",true,1,1,2,2023-06-01 17:51:03.978,17129,2024-03-22 14:55:11.558,"426",Outlying,Bahir Dar District,Amhara,branch,6615,0.1,"454"
6584,Minjar Branch,"526",true,1,1,2,2023-06-01 17:51:03.978,2,2023-07-23 16:20:42.620,"526",Outlying,Debre Birhan Area Office,Amhara,branch,6615,0.1,"567"
6582,Zemero Branch,"524",true,1,1,2,2023-06-01 17:51:03.978,2,2023-07-23 16:20:42.620,"524",Outlying,Debre Birhan Area Office,Amhara,branch,6615,0.1,"556"
6575,Shewareged Gedle Branch,"517",true,1,1,2,2023-06-01 17:51:03.978,2,2023-07-23 16:20:42.620,"517",Outlying,Debre Birhan Area Office,Amhara,branch,6615,0.1,"566"
6413,Deneba Branch,"353",true,1,1,2,2023-06-01 17:51:03.978,2,2023-07-23 16:20:42.620,"353",Outlying,Debre Birhan Area Office,Amhara,branch,6615,0.1,"368"
6415,Enewari Branch,"355",true,1,1,2,2023-06-01 17:51:03.978,2,2023-07-23 16:20:42.620,"355",Outlying,Debre Birhan Area Office,Amhara,branch,6615,0.1,"375"
6299,Shewa Robit Branch,"237",true,1,1,2,2023-06-01 17:51:03.978,2,2023-07-23 16:20:42.620,"237",Outlying,Debre Birhan Area Office,Amhara,branch,6615,0.2,"155"
6571,Mida Branch,"513",true,1,1,2,2023-06-01 17:51:03.978,2,2023-07-23 16:20:42.620,"513",Outlying,Debre Birhan Area Office,Amhara,branch,6615,0.1,"558"
6570,Nigus Halemelekot Branch,"512",true,1,1,2,2023-06-01 17:51:03.978,2,2023-07-23 16:20:42.620,"512",Outlying,Debre Birhan Area Office,Amhara,branch,6615,0.1,"565"
6569,Kotu Gebeya Branch,"511",true,1,1,2,2023-06-01 17:51:03.978,2,2023-07-23 16:20:42.620,"511",Outlying,Debre Birhan Area Office,Amhara,branch,6615,0.1,"573"
6390,Majetie Branch,"330",true,1,1,2,2023-06-01 17:51:03.978,2,2023-07-23 16:20:42.620,"330",Outlying,Debre Birhan Area Office,Amhara,branch,6615,0.1,"346"
6549,Ankober Branch,"490",true,1,1,2,2023-06-01 17:51:03.978,2,2023-07-23 16:20:42.620,"490",Outlying,Debre Birhan Area Office,Amhara,branch,6615,0.1,"486"
6153,Meket Branch,"553",true,1,1,2,2023-06-01 17:51:03.978,17135,2024-10-19 06:20:28.641,"553",Outlying,Dessie District,Amhara,branch,6611,0.1,"553"
6147,Mekoy Branch,"546",true,1,1,2,2023-06-01 17:51:03.978,2,2023-12-23 20:26:56.508,"546",Outlying,Debre Birhan Area Office,Amhara,branch,6615,0.1,"546"
6590,Sefera Goro Branch,"532",true,1,1,2,2023-06-01 17:51:03.978,2,2023-07-23 16:20:42.620,"532",Addis Ababa,East Addis Ababa District,Addis Ababa,branch,6608,0.0,"563"
6595,Tesfa Gebresilassie Branch,"537",true,1,1,2,2023-06-01 17:51:03.978,2,2023-07-23 16:20:42.620,"537",Addis Ababa,East Addis Ababa District,Addis Ababa,branch,6608,0.0,"587"
11495,Kolfe Lukunda Branch,"567",true,1,1,2,2023-10-06 06:46:23.199,2,2023-10-06 06:46:23.199,"567",,West Addis Ababa District,,branch,6609,0.0,
11494,Merekato Edget Branch,"568",true,1,1,2,2023-10-06 06:44:32.653,2,2023-10-06 06:44:32.653,"568",,West Addis Ababa District,,branch,6609,0.0,
6295,Kuas Meda Branch,"233",true,1,1,2,2023-06-01 17:51:03.978,2,2023-07-23 16:20:42.620,"233",Addis Ababa,West Addis Ababa District,Addis Ababa,branch,6609,0.0,"151"
6586,Kara Kore Branch,"528",true,1,1,2,2023-06-01 17:51:03.978,2,2023-07-23 16:20:42.620,"528",Addis Ababa,West Addis Ababa District,Addis Ababa,branch,6609,0.0,"564"
6597,Gelan Branch,"539",true,1,1,2,2023-06-01 17:51:03.978,2,2023-07-23 16:20:42.620,"539",Addis Ababa,South Addis Ababa District,Oromia,branch,6107,0.0,"579"
6593,Kosober Branch,"535",true,1,1,2,2023-06-01 17:51:03.978,2,2023-07-23 16:20:42.620,"535",Outlying,Bahir Dar District,Amhara,branch,6610,0.1,"588"
6594,Anbesammie Branch,"536",true,1,1,2,2023-06-01 17:51:03.978,2,2023-07-23 16:20:42.620,"536",Outlying,Bahir Dar District,Amhara,branch,6610,0.1,"589"
6604,Adama Bolo Branch,"549",true,1,1,2,2023-06-01 17:51:03.978,2,2023-12-23 11:31:02.162,"549",Outlying,Adama Area Office,Oromia ,branch,6614,0.1,"609"
6601,Gobessa Branch,"545",true,1,1,2,2023-06-01 17:51:03.978,2,2023-12-23 11:44:01.902,"545",Outlying,Adama Area Office,Oromia,branch,6614,0.1,"607"
6566,Menafesha Branch,"508",true,1,1,2,2023-06-01 17:51:03.978,2,2023-12-23 11:50:41.296,"508",,Dessie District,,branch,6611,0.1,"560"
6293,Kombolcha kalu Branch,"541",true,1,1,2,2023-06-01 17:51:03.978,2,2023-07-23 16:20:42.620,"541",Outlying,Dessie District,Amhara,branch,6611,0.1,"462"
11496,Gashena Branch,"569",true,1,1,2,2023-10-06 06:47:20.563,2,2023-12-23 11:43:19.366,"569",,Dessie District,,branch,6611,0.1,
6545,Genda Wuha Branch,"485",true,1,1,2,2023-06-01 17:51:03.978,17119,2024-01-19 10:17:23.231,"485",Outlying,Bahir Dar District,Amhara,branch,6610,0.35,"470"
11523,Mankusa Branch,"577",true,1,29784,20410,2023-12-05 07:55:45.577,2,2023-12-23 11:49:27.505,"577",Debre Markos Area,Debre Markos Area Office,Amhara,branch,6120,0.1,"577"
11493,Adama Deka Adi Branch,"572",true,1,1,2,2023-10-06 06:24:20.038,17119,2024-02-17 08:48:14.525,"572",,I,,branch,6614,0.1,
6137,Jinka Branch,"564",true,1,1,2,2023-06-01 17:51:03.978,17119,2024-02-21 05:53:51.197,"564",Outlying,Hawassa Area Office,SNNPRS,branch,6613,0.2,"564"
6163,Debre Berhan Branch,"125",true,1,1,2,2023-06-01 17:51:03.978,2,2023-12-22 16:22:44.342,"125",Debre Berhan Area Office,Debre Birhan Area Office,Amhara,branch,6615,0.1,"016"
6136,Bokoji Branch,"552",true,1,1,2,2023-06-01 17:51:03.978,2,2023-12-23 11:36:02.555,"552",Outlying,Adama Area Office,Oromia,branch,6614,0.1,"552"
6182,Shashemene Branch,"121",true,1,1,2,2023-06-01 17:51:03.978,2,2023-07-23 16:20:42.620,"121",Outlying,Hawassa Area Office,Oromia,branch,6613,0.1,"034"
6398,Dagmawi Minilik Branch,"338",true,1,1,2,2023-06-01 17:51:03.978,19054,2024-06-10 05:12:15.754,"338",Outlying,Debre Birhan Area Office,Amhara,branch,6615,0.1,"348"
6493,Sheno Branch,"434",true,1,1,2,2023-06-01 17:51:03.978,2,2023-07-23 16:20:42.620,"434",Outlying,Debre Birhan Area Office,Oromia,branch,6615,0.1,"457"
6488,Chacha Branch,"429",true,1,1,2,2023-06-01 17:51:03.978,2,2023-07-23 16:20:42.620,"429",Outlying,Debre Birhan Area Office,Amhara,branch,6615,0.1,"453"
6487,Tulefa Branch,"428",true,1,1,2,2023-06-01 17:51:03.978,2,2023-07-23 16:20:42.620,"428",Outlying,Debre Birhan Area Office,Amhara,branch,6615,0.1,"452"
6417,Debre berhan Silassie Branch,"357",true,1,1,2,2023-06-01 17:51:03.978,17119,2023-11-14 06:26:13.815,"357",Outlying,Debre Birhan Area Office,Amhara,branch,6615,0.1,"374"
6450,Lemi Branch,"391",true,1,1,2,2023-06-01 17:51:03.978,2,2023-07-23 16:20:42.620,"391",Outlying,Debre Birhan Area Office,Amhara,branch,6615,0.1,"415"
6449,Ginager Branch,"390",true,1,1,2,2023-06-01 17:51:03.978,2,2023-07-23 16:20:42.620,"390",Outlying,Debre Birhan Area Office,Amhara,branch,6615,0.1,"414"
6511,Mehal Meda Branch,"452",true,1,1,2,2023-06-01 17:51:03.978,2,2023-07-23 16:20:42.620,"452",Outlying,Debre Birhan Area Office,Amhara,branch,6615,0.1,
6429,Balchi Branch,"370",true,1,1,2,2023-06-01 17:51:03.978,2,2023-07-23 16:20:42.620,"370",Outlying,Debre Birhan Area Office,Amhara,branch,6615,0.1,"387"
6422,Hailemariam Mamo Branch,"363",true,1,1,2,2023-06-01 17:51:03.978,2,2023-07-23 16:20:42.620,"363",Outlying,Debre Birhan Area Office,Amhara,branch,6615,0.1,"386"
6421,Debresina Branch,"362",true,1,1,2,2023-06-01 17:51:03.978,2,2023-07-23 16:20:42.620,"362",Outlying,Debre Birhan Area Office,Amhara,branch,6615,0.1,"372"
6407,Arerti Branch,"347",true,1,1,2,2023-06-01 17:51:03.978,2,2023-07-23 16:20:42.620,"347",Outlying,Debre Birhan Area Office,Amhara,branch,6615,0.1,"365"
6489,Nigus Sahilesilassie Branch,"430",true,1,1,2,2023-06-01 17:51:03.978,2,2023-07-23 16:20:42.620,"430",Outlying,Debre Birhan Area Office,Amhara,branch,6615,0.1,"451"
6430,Bulga Branch,"371",true,1,1,2,2023-06-01 17:51:03.978,2,2023-07-23 16:20:42.620,"371",Outlying,Debre Birhan Area Office,Amhara,branch,6615,0.1,"388"
